{"n":2000,"kde":{"x":[10,10.1,10.2,10.3,10.4,10.5,10.6,10.7,10.8,10.9,11,11.1,11.2,11.3,11.4,11.5,11.6,11.7,11.8,11.9,12,12.1,12.2,12.3,12.4,12.5,12.6,12.7,12.8,12.9,13,13.1,13.2,13.3,13.4,13.5,13.6,13.7,13.8,13.9,14,14.1,14.2,14.3,14.4,14.5,14.6,14.7,14.8,14.9,15,15.1,15.2,15.3,15.4,15.5,15.6,15.7,15.8,15.9,16,16.1,16.2,16.3,16.4,16.5,16.6,16.7,16.8,16.9,17,17.1,17.2,17.3,17.4,17.5,17.6,17.7,17.8,17.9,18,18.1,18.2,18.3,18.4,18.5,18.6,18.7,18.8,18.9,19,19.1,19.2,19.3,19.4,19.5,19.6,19.7,19.8,19.9,20,20.1,20.2,20.3,20.4,20.5,20.6,20.7,20.8,20.9,21,21.1,21.2,21.3,21.4,21.5,21.6,21.7,21.8,21.9,22,22.1,22.2,22.3,22.4,22.5,22.6,22.7,22.8,22.9,23,23.1,23.2,23.3,23.4,23.5,23.6,23.7,23.8,23.9,24,24.1,24.2,24.3,24.4,24.5,24.6,24.7,24.8,24.9,25,25.1,25.2,25.3,25.4,25.5,25.6,25.7,25.8,25.9,26,26.1,26.2,26.3,26.4,26.5,26.6,26.7,26.8,26.9,27,27.1,27.2,27.3,27.4,27.5,27.6,27.7,27.8,27.9,28,28.1,28.2,28.3,28.4,28.5,28.6,28.7,28.8,28.9,29,29.1,29.2,29.3,29.4,29.5,29.6,29.7,29.8,29.9,30,30.1,30.2,30.3,30.4,30.5,30.6,30.7,30.8,30.9,31,31.1,31.2,31.3,31.4,31.5,31.6,31.7,31.8,31.9,32,32.1,32.2,32.3,32.4,32.5,32.6,32.7,32.8,32.9,33,33.1,33.2,33.3,33.4,33.5,33.6,33.7,33.8,33.9,34,34.1,34.2,34.3,34.4,34.5,34.6,34.7,34.8,34.9,35,35.1,35.2,35.3,35.4,35.5,35.6,35.7,35.8,35.9,36,36.1,36.2,36.3,36.4,36.5,36.6,36.7,36.8,36.9,37,37.1,37.2,37.3,37.4,37.5,37.6,37.7,37.8,37.9,38,38.1,38.2,38.3,38.4,38.5,38.6,38.7,38.8,38.9,39,39.1,39.2,39.3,39.4,39.5,39.6,39.7,39.8,39.9,40,40.1,40.2,40.3,40.4,40.5,40.6,40.7,40.8,40.9,41,41.1,41.2,41.3,41.4,41.5,41.6,41.7,41.8,41.9,42,42.1,42.2,42.3,42.4,42.5,42.6,42.7,42.8,42.9,43,43.1,43.2,43.3,43.4,43.5,43.6,43.7,43.8,43.9,44,44.1,44.2,44.3,44.4,44.5,44.6,44.7,44.8,44.9,45,45.1,45.2,45.3,45.4,45.5,45.6,45.7,45.8,45.9,46,46.1,46.2,46.3,46.4,46.5,46.6,46.7,46.8,46.9,47,47.1,47.2,47.3,47.4,47.5,47.6,47.7,47.8,47.9,48,48.1,48.2,48.3,48.4,48.5,48.6,48.7,48.8,48.9,49,49.1,49.2,49.3,49.4,49.5,49.6,49.7,49.8,49.9,50],"y":[0.0042063884724,0.0043447613171,0.0044690742847,0.00457907951,0.0046748765299,0.0047569063449,0.0048259357644,0.0048830331006,0.0049295365761,0.0049670170164,0.004997236493,0.0050221045796,0.0050435996889,0.0050639409795,0.0050852312384,0.0051095293945,0.0051388313008,0.0051750376454,0.0052199257707,0.0052751254347,0.0053420984634,0.0054221222077,0.0055162767341,0.0056254357179,0.0057502610709,0.005891201391,0.0060484943575,0.0062221732017,0.0064120773414,0.0066178671792,0.0068390429302,0.0070749671707,0.007324890601,0.0075879803076,0.0078633496178,0.0081500884768,0.008447293172,0.0087540941882,0.0090696810182,0.0093933228742,0.0097243844483,0.010062500583,0.010407113903,0.010757876531,0.011114588155,0.011477137854,0.011845489202,0.01221966332,0.012599721216,0.012985746738,0.01337783134,0.013776061699,0.01418051089,0.014591233575,0.015008265241,0.01543162524,0.015861323028,0.016297366769,0.016739773277,0.017188578162,0.017643845074,0.018105672995,0.018574200715,0.019049607868,0.019532112176,0.020021962858,0.020519430474,0.021024793758,0.021538324203,0.022060269396,0.022591044311,0.023130669427,0.023679143545,0.024236455785,0.024802505549,0.025377099771,0.025959954542,0.026550700977,0.027148894953,0.027754030065,0.02836555293,0.028982879784,0.029605413245,0.03023255802,0.030863734434,0.031498388707,0.032135999155,0.032776077674,0.033418166221,0.034061828319,0.034706635972,0.035352152745,0.035997914086,0.036643406258,0.037288045452,0.03793115879,0.038571968944,0.039209584004,0.039842994016,0.040470930651,0.041092178703,0.041705484193,0.042309493426,0.042902846058,0.043484219386,0.044052376637,0.044606216996,0.045144824904,0.045667516059,0.046173877636,0.046663800416,0.047137500894,0.047595531875,0.048038780617,0.048468454177,0.048886052244,0.049293328315,0.049692240634,0.050084894774,0.050473480067,0.050860202368,0.051247215698,0.051636555337,0.052030074757,0.052429388601,0.052835823542,0.053250378508,0.053673695343,0.054106221745,0.054547740834,0.054997617777,0.055454963724,0.055918553819,0.056386860648,0.056858094515,0.057330249053,0.057801150599,0.058268509769,0.0587299737,0.059183177506,0.059625793623,0.060055577859,0.060470411121,0.060868335992,0.061247587497,0.061606617577,0.061944112998,0.062259006559,0.062550481629,0.062817970211,0.063061144813,0.063279904559,0.063474356048,0.063644789556,0.063791651258,0.063915512186,0.064017034726,0.064096548335,0.064154933625,0.064193202449,0.064212019749,0.064211963846,0.064193497026,0.064156940037,0.064102451305,0.064030011646,0.063939415104,0.063830266445,0.063701985661,0.063553819641,0.063384860996,0.063194073752,0.062980325433,0.062742424823,0.062479164463,0.062189366763,0.061871932447,0.06152588992,0.06115044408,0.060745023063,0.060309321448,0.059843338516,0.059347410298,0.058822234295,0.058268885972,0.05768882636,0.057083517004,0.056455336328,0.055807261469,0.055142209515,0.054463376232,0.053774189274,0.053078254847,0.052379299032,0.051681105017,0.050987447635,0.050302026621,0.049628400039,0.048969919307,0.048329667222,0.047710400286,0.047114496573,0.046543910239,0.046000133645,0.045484167927,0.044996502675,0.044537105234,0.044105419963,0.043700377603,0.043320414765,0.042963503322,0.042627189358,0.042308641098,0.042004705101,0.04171196976,0.041426893373,0.041145596078,0.040864205053,0.040579026623,0.040286499767,0.039983273196,0.039666278087,0.039332794445,0.038980509102,0.038607563503,0.038212589607,0.037794732535,0.037353658945,0.036889550559,0.036403082774,0.035895388816,0.035368010481,0.034822837064,0.034262034589,0.033687967929,0.033103118759,0.032510002537,0.031911087796,0.031308720987,0.030705059906,0.03010201836,0.029501224232,0.028903992506,0.028311314066,0.027723936379,0.027142264476,0.026566286004,0.025995872839,0.025430738838,0.024870501275,0.024314744669,0.023763083617,0.02321522137,0.022671001116,0.022130447333,0.021593795104,0.021061505901,0.020534269012,0.020012988547,0.019498756661,0.018992814336,0.01849650173,0.018011200607,0.017538271825,0.017078991122,0.016634486557,0.016205680931,0.015793242254,0.015397544969,0.015018644076,0.014656263619,0.01430980029,0.013978342032,0.013660847534,0.013355934542,0.013061717598,0.01277648589,0.012498490225,0.012226009809,0.011957415683,0.011691227708,0.01142616242,0.011161169655,0.010895456534,0.010628498152,0.010360035055,0.010090058345,0.0098187838605,0.0095466174418,0.0092741136464,0.0090019305237,0.0087307831104,0.0084613982122,0.0081944728025,0.007930638012,0.007670430242,0.0074142704372,0.0071624520361,0.0069151376051,0.006672363695,0.0064340530442,0.0062000329193,0.0059700962514,0.0057439832433,0.0055212950111,0.0053017330878,0.0050850357807,0.0048710001458,0.0046594996929,0.0044504970642,0.0042440512318,0.0040403190675,0.0038395514351,0.0036420842309,0.0034483250332,0.0032587362145,0.0030738155114,0.0028940751236,0.0027200204408,0.0025521294565,0.0023908338417,0.0022365025148,0.002089428373,0.001949818655,0.0018177891929,0.0016933626019,0.0015764702557,0.0014669577191,0.0013645931599,0.001269078151,0.0011800602041,0.0010971944303,0.0010201308213,0.00094829234338,0.00088124757919,0.00081857764791,0.0007598857454,0.00070480474431,0.00065300274752,0.00060418659514,0.00055810342017,0.00051454042563,0.00047332311637,0.00043431225947,0.00039739987006,0.00036250452467,0.00032956629512,0.00029854157371,0.0002693980296,0.00024210989795,0.00021665376145,0.00019300494037,0.00017113456482,0.00015100736229,0.00013258015799,0.00011580105396,0.00010060922795,8.693527367e-05,7.4701991113e-05,6.3825528263e-05,5.4224722554e-05,4.5825028048e-05,3.8499335465e-05,3.2152310728e-05,2.6689782182e-05,2.2020087089e-05,1.8055236246e-05,1.4711873383e-05,1.1912018671e-05,9.5835968758e-06,7.6607599609e-06,6.084021334e-06,4.8002241447e-06,3.7623693689e-06,2.9293309026e-06,2.2654848377e-06,1.7402787726e-06,1.3277647268e-06,1.0061162981e-06,7.5714738336e-07,5.658463456e-07,4.19936147e-07,3.0946783236e-07,2.2645196115e-07,1.645302057e-07,1.1868739109e-07,8.5002745466e-08,6.0438029343e-08,4.2659477392e-08,2.9908530686e-08,2.0887928755e-08,1.4486020341e-08,