{"n":100,"kde":{"x":[10,10.1,10.2,10.3,10.4,10.5,10.6,10.7,10.8,10.9,11,11.1,11.2,11.3,11.4,11.5,11.6,11.7,11.8,11.9,12,12.1,12.2,12.3,12.4,12.5,12.6,12.7,12.8,12.9,13,13.1,13.2,13.3,13.4,13.5,13.6,13.7,13.8,13.9,14,14.1,14.2,14.3,14.4,14.5,14.6,14.7,14.8,14.9,15,15.1,15.2,15.3,15.4,15.5,15.6,15.7,15.8,15.9,16,16.1,16.2,16.3,16.4,16.5,16.6,16.7,16.8,16.9,17,17.1,17.2,17.3,17.4,17.5,17.6,17.7,17.8,17.9,18,18.1,18.2,18.3,18.4,18.5,18.6,18.7,18.8,18.9,19,19.1,19.2,19.3,19.4,19.5,19.6,19.7,19.8,19.9,20,20.1,20.2,20.3,20.4,20.5,20.6,20.7,20.8,20.9,21,21.1,21.2,21.3,21.4,21.5,21.6,21.7,21.8,21.9,22,22.1,22.2,22.3,22.4,22.5,22.6,22.7,22.8,22.9,23,23.1,23.2,23.3,23.4,23.5,23.6,23.7,23.8,23.9,24,24.1,24.2,24.3,24.4,24.5,24.6,24.7,24.8,24.9,25,25.1,25.2,25.3,25.4,25.5,25.6,25.7,25.8,25.9,26,26.1,26.2,26.3,26.4,26.5,26.6,26.7,26.8,26.9,27,27.1,27.2,27.3,27.4,27.5,27.6,27.7,27.8,27.9,28,28.1,28.2,28.3,28.4,28.5,28.6,28.7,28.8,28.9,29,29.1,29.2,29.3,29.4,29.5,29.6,29.7,29.8,29.9,30,30.1,30.2,30.3,30.4,30.5,30.6,30.7,30.8,30.9,31,31.1,31.2,31.3,31.4,31.5,31.6,31.7,31.8,31.9,32,32.1,32.2,32.3,32.4,32.5,32.6,32.7,32.8,32.9,33,33.1,33.2,33.3,33.4,33.5,33.6,33.7,33.8,33.9,34,34.1,34.2,34.3,34.4,34.5,34.6,34.7,34.8,34.9,35,35.1,35.2,35.3,35.4,35.5,35.6,35.7,35.8,35.9,36,36.1,36.2,36.3,36.4,36.5,36.6,36.7,36.8,36.9,37,37.1,37.2,37.3,37.4,37.5,37.6,37.7,37.8,37.9,38,38.1,38.2,38.3,38.4,38.5,38.6,38.7,38.8,38.9,39,39.1,39.2,39.3,39.4,39.5,39.6,39.7,39.8,39.9,40,40.1,40.2,40.3,40.4,40.5,40.6,40.7,40.8,40.9,41,41.1,41.2,41.3,41.4,41.5,41.6,41.7,41.8,41.9,42,42.1,42.2,42.3,42.4,42.5,42.6,42.7,42.8,42.9,43,43.1,43.2,43.3,43.4,43.5,43.6,43.7,43.8,43.9,44,44.1,44.2,44.3,44.4,44.5,44.6,44.7,44.8,44.9,45,45.1,45.2,45.3,45.4,45.5,45.6,45.7,45.8,45.9,46,46.1,46.2,46.3,46.4,46.5,46.6,46.7,46.8,46.9,47,47.1,47.2,47.3,47.4,47.5,47.6,47.7,47.8,47.9,48,48.1,48.2,48.3,48.4,48.5,48.6,48.7,48.8,48.9,49,49.1,49.2,49.3,49.4,49.5,49.6,49.7,49.8,49.9,50],"y":[0.0047569396845,0.004926928066,0.0051042379982,0.005289048164,0.0054815227986,0.0056818111286,0.0058900468718,0.0061068553234,0.0063328113412,0.0065670397054,0.006809593808,0.007060509783,0.007319806407,0.0075874850173,0.0078635294462,0.0081490346449,0.0084431377659,0.0087454027215,0.0090557276615,0.0093739927122,0.0097000598219,0.010033772583,0.010375190885,0.010724886509,0.011081536145,0.011444890773,0.011814681245,0.012190617987,0.012572390697,0.012959668079,0.013352595254,0.013750489614,0.014152571395,0.014558405508,0.014967535672,0.015379484795,0.015793755476,0.016209834172,0.016627257899,0.017045142335,0.017462906101,0.017879955224,0.018295685124,0.018709482763,0.019120728988,0.019528490044,0.01993185663,0.020330541486,0.020723940369,0.021111462769,0.021492535459,0.021866606092,0.022233146854,0.022590335457,0.02293863809,0.023277873248,0.023607689724,0.023927783626,0.024237901316,0.02453784214,0.02482695647,0.025104305128,0.025371261705,0.025627913229,0.025874409739,0.026110964307,0.026337852696,0.026555412653,0.026763023213,0.026961904609,0.027153109482,0.027337246141,0.027514969363,0.027686976557,0.027854003647,0.028016759632,0.028175792225,0.02833260972,0.028488060797,0.028643000248,0.028798283655,0.028954762096,0.029113276907,0.02927502261,0.029441023668,0.029611781377,0.029788013256,0.029970397545,0.030159569851,0.030356120115,0.030560589922,0.030774987301,0.030998470401,0.031231288351,0.031473723583,0.031726003587,0.031988301496,0.03226073701,0.032544035051,0.032838707732,0.033143515844,0.03345834847,0.033783055177,0.034117448979,0.034461309377,0.034814385471,0.03517758378,0.035549627165,0.035929826639,0.036317833939,0.036713289939,0.037115827133,0.037525071928,0.037940851437,0.038363326156,0.038791207216,0.03922411826,0.039661685772,0.040103539427,0.040549312231,0.040998640469,0.041451461227,0.041907181193,0.042365226083,0.042825239348,0.043286862984,0.043749736443,0.044213495534,0.04467777164,0.045142112341,0.04560603992,0.04606915712,0.046531057377,0.046991324495,0.047449532467,0.047905245466,0.048357733225,0.048806327827,0.049250854988,0.049690839485,0.050125801384,0.050555257551,0.050978723304,0.051395714168,0.051804564321,0.052205607872,0.052598550621,0.052982941275,0.053358342061,0.053724330698,0.0540805023,0.054425928376,0.05475932883,0.055081692917,0.055392724064,0.055692151484,0.055979730583,0.056255243141,0.056518497273,0.056767742242,0.057003713154,0.057226976563,0.057437455898,0.057635093758,0.057819849896,0.057991699024,0.058150350993,0.058294044974,0.058424824933,0.058542698168,0.05864766943,0.058739738098,0.058818895392,0.058885121662,0.058937127553,0.05897501177,0.058999762047,0.059011268721,0.059009397595,0.058993988785,0.058964855837,0.058921785105,0.058862039332,0.058787594638,0.058698248151,0.058593659342,0.058473465311,0.058337282815,0.05818471058,0.058014170466,0.057824312975,0.057616588302,0.057390555752,0.05714577853,0.056881827852,0.05659828714,0.0562947563,0.055967902887,0.055619431389,0.055249814707,0.054858801351,0.054446183789,0.054011802164,0.053555547825,0.053076547256,0.052572547879,0.052046774933,0.051499412064,0.050930709935,0.050340987233,0.049730631338,0.049100098646,0.048447803245,0.047775444399,0.047085045912,0.046377386414,0.045653305369,0.044913700362,0.044159524108,0.04339168343,0.042609485327,0.041816378586,0.041013525053,0.040202115372,0.039383364224,0.038558505496,0.037728787382,0.036895306785,0.036059699434,0.03522355254,0.0343881059,0.033554582029,0.032724181759,0.031898079987,0.03107742159,0.0302645844,0.029459955061,0.028664380579,0.027878804987,0.027104121972,0.026341172843,0.025590744756,0.02485432123,0.024133760997,0.023427959511,0.022737425684,0.022062609947,0.021403904656,0.02076164468,0.020136108203,0.019529715694,0.018941339143,0.018370187969,0.017816286951,0.017279614059,0.016760102458,0.016257642608,0.015772482768,0.015306560946,0.014857003352,0.014423528587,0.014005827378,0.013603564877,0.01321638293,0.012843902329,0.012487082186,0.012145107445,0.011816394878,0.011500497419,0.011196960513,0.010905323967,0.010625123748,0.010355893724,0.010098876035,0.0098517546464,0.0096140148798,0.0093852059895,0.0091648849581,0.00895261777,0.0087479806361,0.0085510258756,0.008361511442,0.0081782750038,0.0080009591703,0.0078292232746,0.0076627441138,0.0075012166262,0.0073443545073,0.0071924772332,0.0070448103719,0.0069009917743,0.0067608322786,0.0066241633234,0.0064908368653,0.0063607252074,0.0062338404996,0.0061103780989,0.0059898522361,0.0058722267867,0.0057574821605,0.0056456143033,0.0055366336163,0.0054305637955,0.0053277864091,0.0052282178385,0.0051317285754,0.0050383848323,0.0049482566499,0.0048614162822,0.0047779365709,0.0046979259438,0.004622024027,0.0045497105941,0.0044810365864,0.0044160434678,0.0043547619376,0.0042972107301,0.004243395504,0.0041936222623,0.0041478829651,0.004105774797,0.0040672277577,0.0040321548872,0.0040004522642,0.0039719991406,0.003946658211,0.0039247098481,0.0039055226104,0.0038888465873,0.0038744753511,0.0038621915591,0.0038517682989,0.0038429705173,0.0038356160025,0.0038294584584,0.0038240791613,0.0038192289753,0.003814661511,0.0038101348468,0.0038054132235,0.0038002687061,0.0037943628609,0.0037874945345,0.0037795142655,0.0037702555438,0.0037595684622,0.0037473206038,0.0037333978083,0.0037176558482,0.0036997730325,0.0036799806011,0.003658258717,0.0036346069247,0.0036090436937,0.0035816058365,0.0035523478011,0.0035211764585,0.0034882543813,0.0034538288252,0.0034180230351,0.0033809701792,0.0033428118373,0.0033036964469,0.0032637777156,0.0032231392765,0.0031820807788,0.0031407608785,0.0030993327832,0.00305794468,0.0030167383413,0.0029758477983,0.00293544005,0.0028956798064,0.0028566116141,0.0028183152282,0.0027808567197,0.0027442880716,0.0027086468936,0.0026739562555,0.0026403625803,0.0026077403915,0.0025760273396,0.0025451792947,0.0025151399445,0.0024858416008,0.0024572060877,0.002429164756,0.0024016352517,0.0023744317611,0.0023474421852,0.002320551397,0.0022936424996,0.0022665980783,0.0022393014427,0.0022115774639,0.0021833060846,0.0021544092655,