{"n":340,"kde":{"x":[1,1.01,1.02,1.03,1.04,1.05,1.06,1.07,1.08,1.09,1.1,1.11,1.12,1.13,1.14,1.15,1.16,1.17,1.18,1.19,1.2,1.21,1.22,1.23,1.24,1.25,1.26,1.27,1.28,1.29,1.3,1.31,1.32,1.33,1.34,1.35,1.36,1.37,1.38,1.39,1.4,1.41,1.42,1.43,1.44,1.45,1.46,1.47,1.48,1.49,1.5,1.51,1.52,1.53,1.54,1.55,1.56,1.57,1.58,1.59,1.6,1.61,1.62,1.63,1.64,1.65,1.66,1.67,1.68,1.69,1.7,1.71,1.72,1.73,1.74,1.75,1.76,1.77,1.78,1.79,1.8,1.81,1.82,1.83,1.84,1.85,1.86,1.87,1.88,1.89,1.9,1.91,1.92,1.93,1.94,1.95,1.96,1.97,1.98,1.99,2,2.01,2.02,2.03,2.04,2.05,2.06,2.07,2.08,2.09,2.1,2.11,2.12,2.13,2.14,2.15,2.16,2.17,2.18,2.19,2.2,2.21,2.22,2.23,2.24,2.25,2.26,2.27,2.28,2.29,2.3,2.31,2.32,2.33,2.34,2.35,2.36,2.37,2.38,2.39,2.4,2.41,2.42,2.43,2.44,2.45,2.46,2.47,2.48,2.49,2.5,2.51,2.52,2.53,2.54,2.55,2.56,2.57,2.58,2.59,2.6,2.61,2.62,2.63,2.64,2.65,2.66,2.67,2.68,2.69,2.7,2.71,2.72,2.73,2.74,2.75,2.76,2.77,2.78,2.79,2.8,2.81,2.82,2.83,2.84,2.85,2.86,2.87,2.88,2.89,2.9,2.91,2.92,2.93,2.94,2.95,2.96,2.97,2.98,2.99,3,3.01,3.02,3.03,3.04,3.05,3.06,3.07,3.08,3.09,3.1,3.11,3.12,3.13,3.14,3.15,3.16,3.17,3.18,3.19,3.2,3.21,3.22,3.23,3.24,3.25,3.26,3.27,3.28,3.29,3.3,3.31,3.32,3.33,3.34,3.35,3.36,3.37,3.38,3.39,3.4,3.41,3.42,3.43,3.44,3.45,3.46,3.47,3.48,3.49,3.5,3.51,3.52,3.53,3.54,3.55,3.56,3.57,3.58,3.59,3.6,3.61,3.62,3.63,3.64,3.65,3.66,3.67,3.68,3.69,3.7,3.71,3.72,3.73,3.74,3.75,3.76,3.77,3.78,3.79,3.8,3.81,3.82,3.83,3.84,3.85,3.86,3.87,3.88,3.89,3.9,3.91,3.92,3.93,3.94,3.95,3.96,3.97,3.98,3.99,4,4.01,4.02,4.03,4.04,4.05,4.06,4.07,4.08,4.09,4.1,4.11,4.12,4.13,4.14,4.15,4.16,4.17,4.18,4.19,4.2,4.21,4.22,4.23,4.24,4.25,4.26,4.27,4.28,4.29,4.3,4.31,4.32,4.33,4.34,4.35,4.36,4.37,4.38,4.39,4.4,4.41,4.42,4.43,4.44,4.45,4.46,4.47,4.48,4.49,4.5,4.51,4.52,4.53,4.54,4.55,4.56,4.57,4.58,4.59,4.6,4.61,4.62,4.63,4.64,4.65,4.66,4.67,4.68,4.69,4.7,4.71,4.72,4.73,4.74,4.75,4.76,4.77,4.78,4.79,4.8,4.81,4.82,4.83,4.84,4.85,4.86,4.87,4.88,4.89,4.9,4.91,4.92,4.93,4.94,4.95,4.96,4.97,4.98,4.99,5],"y":[0.012179028938,0.012224517587,0.012248585009,0.012252353582,0.012237202306,0.012204761163,0.012156903021,0.012095733174,0.01202357664,0.011942963347,0.011856554831,0.011767539763,0.011679466144,0.011595535022,0.011519038916,0.011453338368,0.011401838272,0.011367964199,0.011355139,0.011366759892,0.011406176276,0.011476668498,0.01158419369,0.011730860976,0.011918465144,0.01214975788,0.012427330596,0.012753604445,0.013130822392,0.013561043399,0.014046138754,0.014587790533,0.015187492207,0.015847608443,0.016573636016,0.017361266222,0.01821122768,0.019124102452,0.02010033966,0.021140270544,0.022244124784,0.023412047945,0.024644119846,0.025940373684,0.027300815698,0.028729741162,0.030225322476,0.031785187338,0.033409469504,0.035098384871,0.03685224842,0.038671489755,0.040556667003,0.042508478849,0.04452777446,0.046615561118,0.048773822186,0.051009941033,0.053318965512,0.055702617359,0.058162765801,0.060701415,0.063320688347,0.066022809672,0.068810081469,0.071684860288,0.074649529466,0.077706469446,0.08086394848,0.084123001047,0.087481562906,0.090941583631,0.094504813418,0.098172766574,0.10194668582,0.10582750786,0.10981583069,0.1139118831,0.11811549679,0.12242665173,0.12685407045,0.13138542101,0.13601854115,0.14075078432,0.14557901898,0.15049963255,0.15550853978,0.16060119563,0.16577261233,0.17101738046,0.1763296938,0.18170631916,0.18713925758,0.19261853844,0.19813700117,0.2036872795,0.20926184059,0.2148530241,0.22045308113,0.22605421252,0.23164860601,0.23722847219,0.24278607878,0.24830970125,0.25379416783,0.25923219925,0.26461668555,0.2699407281,0.27519766044,0.28038106756,0.28548480371,0.29050300923,0.29543012642,0.3002609149,0.30498526655,0.30959714498,0.31409820001,0.31848477517,0.32275361975,0.32690190676,0.33092725181,0.33482773289,0.33860191086,0.34224885067,0.34576814295,0.34915992594,0.35241261982,0.35553946862,0.35854348018,0.36142745979,0.36419486872,0.36684983699,0.36939717306,0.37184236992,0.37419160709,0.3764517482,0.37863033362,0.38073287522,0.38276860072,0.38475174408,0.38669257421,0.38860188382,0.39049094006,0.39237142862,0.39425539111,0.3961551561,0.39808326374,0.40005238437,0.40207523136,0.40417199495,0.40635136739,0.40862459251,0.41100334974,0.41349878553,0.4161214016,0.41888094274,0.42178628505,0.42484532575,0.42806487553,0.43145055453,0.43501307669,0.43876099297,0.44268353273,0.44677996774,0.45104792707,0.455483351,0.46008045782,0.46483172448,0.46972788168,0.47475792431,0.47990913754,0.48516713923,0.49052189977,0.49594707549,0.50142153152,0.50692454813,0.5124342904,0.51792795767,0.52338194533,0.52877201753,0.53407348941,0.53926141701,0.54431079323,0.54919085666,0.55386515696,0.55832220207,0.56253917018,0.5664942841,0.57016698982,0.5735381239,0.5765900679,0.57930688817,0.58167445947,0.5836805711,0.58531501439,0.5865386498,0.58736625955,0.58780422216,0.58785164349,0.58750972947,0.58678173474,0.585672893,0.58419033032,0.58234296293,0.58014138084,0.57759771921,0.57471781811,0.57150154013,0.56799147274,0.56420472973,0.560159112,0.55587294955,0.55136494743,0.54665403718,0.54175923544,0.53669951089,0.53149366097,0.52616019912,0.52071069124,0.5151700105,0.50955833069,0.50389186244,0.49818613502,0.49245596748,0.48671545056,0.48097793892,0.47525605258,0.46956168655,0.46390602768,0.45830070548,0.4527608866,0.44729129316,0.44190033667,0.43659589087,0.43138532471,0.42627553336,0.42127296633,0.41638365207,0.4116132185,0.40696690905,0.40244959375,0.39807520525,0.39384424002,0.38975538851,0.38581187303,0.38201650936,0.37837168625,0.37487934175,0.37154093733,0.36835743012,0.3653292442,0.36245624153,0.3597396311,0.35718994056,0.35479066251,0.35253885913,0.35043089655,0.34846243221,0.346628407,0.34492304233,0.34333984267,0.34187160369,0.34051042616,0.33924773586,0.3380791222,0.33699126961,0.33596976304,0.33500347616,0.33408083456,0.33318987525,0.3323183111,0.33145359972,0.33058301646,0.32969373102,0.32877288731,0.32780729614,0.32677739629,0.32567525559,0.32448894081,0.32320697348,0.32181841539,0.32031295214,0.31868097404,0.31691365355,0.31500301861,0.31294202105,0.31072459939,0.30833643109,0.30577436786,0.3030439794,0.30014411954,0.29707483616,0.29383737682,0.29043418431,0.28686888179,0.28314624738,0.27927217842,0.27525364524,0.27109855492,0.26680392487,0.26239411432,0.25787997964,0.25327301206,0.24858523381,0.24382908933,0.23901733286,0.23416291356,0.22927885931,0.2243781607,0.21947365621,0.21457907066,0.20970871156,0.2048735497,0.20008445156,0.19535158073,0.19068432711,0.18609124641,0.18158001071,0.17715737034,0.17282912746,0.16860012158,0.16447422681,0.16046513087,0.15656480084,0.15277341057,0.14909087879,0.14551635407,0.14204827962,0.13868446428,0.13542215831,0.13225813289,0.12918876199,0.12621010544,0.12332158311,0.12051951482,0.1177942628,0.11514149053,0.11255697229,0.11003665163,0.10757669282,0.10517352456,0.10282387585,0.10052480359,0.098273711957,0.096068363562,0.093910821522,0.091795874861,0.089721974199,0.087688378122,0.08569462527,0.083740501224,0.081826001917,0.079951294426,0.07811667602,0.076322532322,0.07456929544,0.072858992902,0.071193281179,0.069569680403,0.067988354814,0.06644931866,0.064952413591,0.063497290677,0.062083397176,0.060709968144,0.059376022849,0.058080365892,0.056821592865,0.055600993244,0.054414030749,0.053258083632,0.052131010632,0.051030563678,0.049954414388,0.048900181657,0.047865459843,0.046847847057,0.045844973113,0.044854526706,0.043874530774,0.042902890556,0.041936944367,0.040974931486,0.040015269352,0.039056566553,0.038097633069,0.037137487743,0.036175363015,0.035210706952,0.034243182666,0.033272665247,0.032299030999,0.031322817608,0.030344630689,0.029365177643,0.028385321282,0.027406064757,0.026428535632,0.02545396931,0.02448369204,0.023519103693]}}
