{"n":128,"kde":{"x":[10,10.1,10.2,10.3,10.4,10.5,10.6,10.7,10.8,10.9,11,11.1,11.2,11.3,11.4,11.5,11.6,11.7,11.8,11.9,12,12.1,12.2,12.3,12.4,12.5,12.6,12.7,12.8,12.9,13,13.1,13.2,13.3,13.4,13.5,13.6,13.7,13.8,13.9,14,14.1,14.2,14.3,14.4,14.5,14.6,14.7,14.8,14.9,15,15.1,15.2,15.3,15.4,15.5,15.6,15.7,15.8,15.9,16,16.1,16.2,16.3,16.4,16.5,16.6,16.7,16.8,16.9,17,17.1,17.2,17.3,17.4,17.5,17.6,17.7,17.8,17.9,18,18.1,18.2,18.3,18.4,18.5,18.6,18.7,18.8,18.9,19,19.1,19.2,19.3,19.4,19.5,19.6,19.7,19.8,19.9,20,20.1,20.2,20.3,20.4,20.5,20.6,20.7,20.8,20.9,21,21.1,21.2,21.3,21.4,21.5,21.6,21.7,21.8,21.9,22,22.1,22.2,22.3,22.4,22.5,22.6,22.7,22.8,22.9,23,23.1,23.2,23.3,23.4,23.5,23.6,23.7,23.8,23.9,24,24.1,24.2,24.3,24.4,24.5,24.6,24.7,24.8,24.9,25,25.1,25.2,25.3,25.4,25.5,25.6,25.7,25.8,25.9,26,26.1,26.2,26.3,26.4,26.5,26.6,26.7,26.8,26.9,27,27.1,27.2,27.3,27.4,27.5,27.6,27.7,27.8,27.9,28,28.1,28.2,28.3,28.4,28.5,28.6,28.7,28.8,28.9,29,29.1,29.2,29.3,29.4,29.5,29.6,29.7,29.8,29.9,30,30.1,30.2,30.3,30.4,30.5,30.6,30.7,30.8,30.9,31,31.1,31.2,31.3,31.4,31.5,31.6,31.7,31.8,31.9,32,32.1,32.2,32.3,32.4,32.5,32.6,32.7,32.8,32.9,33,33.1,33.2,33.3,33.4,33.5,33.6,33.7,33.8,33.9,34,34.1,34.2,34.3,34.4,34.5,34.6,34.7,34.8,34.9,35,35.1,35.2,35.3,35.4,35.5,35.6,35.7,35.8,35.9,36,36.1,36.2,36.3,36.4,36.5,36.6,36.7,36.8,36.9,37,37.1,37.2,37.3,37.4,37.5,37.6,37.7,37.8,37.9,38,38.1,38.2,38.3,38.4,38.5,38.6,38.7,38.8,38.9,39,39.1,39.2,39.3,39.4,39.5,39.6,39.7,39.8,39.9,40,40.1,40.2,40.3,40.4,40.5,40.6,40.7,40.8,40.9,41,41.1,41.2,41.3,41.4,41.5,41.6,41.7,41.8,41.9,42,42.1,42.2,42.3,42.4,42.5,42.6,42.7,42.8,42.9,43,43.1,43.2,43.3,43.4,43.5,43.6,43.7,43.8,43.9,44,44.1,44.2,44.3,44.4,44.5,44.6,44.7,44.8,44.9,45,45.1,45.2,45.3,45.4,45.5,45.6,45.7,45.8,45.9,46,46.1,46.2,46.3,46.4,46.5,46.6,46.7,46.8,46.9,47,47.1,47.2,47.3,47.4,47.5,47.6,47.7,47.8,47.9,48,48.1,48.2,48.3,48.4,48.5,48.6,48.7,48.8,48.9,49,49.1,49.2,49.3,49.4,49.5,49.6,49.7,49.8,49.9,50],"y":[0.0041470232746,0.0041509620785,0.0041395779683,0.0041134425688,0.0040733546461,0.0040203270207,0.0039555689651,0.00388046454,0.0037965474347,0.0037054729697,0.0036089879898,0.0035088994221,0.0034070422957,0.0033052480142,0.0032053136457,0.0031089729423,0.0030178697325,0.0029335342394,0.0028573627776,0.0027906011712,0.0027343321168,0.0026894666001,0.0026567393549,0.0026367082495,0.0026297573781,0.0026361035528,0.0026558058133,0.0026887775161,0.0027348005216,0.0027935409779,0.0028645661901,0.0029473620778,0.0030413507502,0.003145907766,0.0032603787018,0.0033840947096,0.0035163868143,0.0036567168419,0.0038043551666,0.0039586582205,0.0041190730858,0.0042850959455,0.0044562772767,0.0046322258754,0.0048126118959,0.0049971690899,0.0051856964285,0.0053780592694,0.0055741902084,0.0057740897172,0.0059778266345,0.0061855385343,0.0063974319567,0.006613782449,0.0068349343342,0.0070613000974,0.0072933592664,0.0075316566511,0.0077767998113,0.0080294556259,0.0082903458555,0.008560241608,0.0088399566433,0.0091303394754,0.0094322642613,0.0097466204858,0.010074301479,0.010416191823,0.010773153719,0.011146012415,0.0115355408,0.011942443293,0.012367339185,0.012810745612,0.013273060367,0.013754544807,0.014255307145,0.014775286479,0.015314237964,0.015871719562,0.016447080896,0.01703945475,0.017647751787,0.01827065908,0.018906881167,0.019554359293,0.020211119953,0.020875026551,0.021543790143,0.022215001206,0.022886167276,0.02355475604,0.024218243267,0.024874164695,0.025520170796,0.026154083081,0.026773950477,0.027378104109,0.027965208774,0.028534309316,0.029084870165,0.029616806385,0.030130504731,0.030626833454,0.031107139871,0.03157323505,0.03202736537,0.032472171075,0.032910632428,0.033346004445,0.033781741633,0.034221414517,0.034668620078,0.035126888499,0.035599588812,0.036089836165,0.036600403446,0.03713363998,0.037691399817,0.038274981954,0.038885084474,0.039521774243,0.040184473324,0.040871962835,0.041582404411,0.042313378947,0.043061941765,0.043824692844,0.044597860322,0.04537739504,0.046159065075,0.046938435101,0.047711232165,0.048473390296,0.049221118053,0.049950998828,0.050660081711,0.051345960482,0.052006838679,0.052641579058,0.053249736219,0.05383157166,0.054388050987,0.054920823484,0.055432184737,0.055925023408,0.056402753659,0.056869235066,0.057328682125,0.057785565681,0.058244508733,0.058710179168,0.059187181939,0.05967995318,0.060192658602,0.060729098322,0.061292620088,0.061886042534,0.062511589855,0.063170838904,0.063864679441,0.064593287841,0.065356114296,0.066151883182,0.066978605942,0.067833605614,0.06871355182,0.069614504906,0.070531967714,0.071460943427,0.072395997829,0.073331324399,0.07426081068,0.075178104515,0.076076678904,0.076949894449,0.077791058608,0.078593084515,0.079348904184,0.080052521538,0.080697561052,0.081277837006,0.081787391504,0.082220530906,0.082571861517,0.082836325366,0.083009236834,0.083086320725,0.083063752161,0.082938198444,0.082706862712,0.082367528915,0.081918607314,0.081359179424,0.08068904103,0.079908741719,0.079019619202,0.078023826654,0.076924351289,0.075725022517,0.074430508197,0.073046297812,0.071578671686,0.070034655834,0.068421962403,0.066748916218,0.065024368333,0.063257597992,0.061458204792,0.059635993196,0.057800851822,0.055962630143,0.05413101532,0.052315411922,0.050524827189,0.04876776435,0.047052126217,0.045385131026,0.04377324206,0.042222112245,0.040736544444,0.039320467768,0.037976929805,0.036708104254,0.035516356163,0.034401803168,0.033363470944,0.032400342637,0.031510764392,0.030692519027,0.02994290421,0.029258813243,0.028636816631,0.028073242699,0.027564255645,0.027105929578,0.02669431722,0.026325512183,0.02599570387,0.025701224279,0.025438586171,0.025204512284,0.024995955456,0.024810109743,0.024644412821,0.024496540131,0.024364391457,0.024246070765,0.024139860314,0.024044190209,0.023957604646,0.023878726227,0.023806219766,0.023738757017,0.023674983748,0.023613490506,0.023552788317,0.023491290388,0.023427300722,0.023359010273,0.023284501058,0.023201758316,0.023108690539,0.02300315689,0.022883001236,0.022746091773,0.022590364962,0.022413872331,0.022214828542,0.021991659044,0.021743045609,0.021467464066,0.021164617868,0.020834312593,0.020476641008,0.020092094828,0.019681567021,0.019246344379,0.018788090424,0.018308819075,0.017810859768,0.017296815029,0.016769511724,0.016231947409,0.015687233326,0.01513853569,0.014589016925,0.014041778447,0.013499806552,0.01296592275,0.012442739767,0.011932624168,0.011437666335,0.010959658242,0.010500079243,0.010060089788,0.0096405327515,0.0092419418497,0.0088645564048,0.0085083415776,0.0081730130714,0.0078580652386,0.0075628014919,0.0072863659384,0.0070277752067,0.0067859495219,0.0065597422034,0.0063479668924,0.006149421975,0.0059629118233,0.0057872646399,0.0056213468484,0.0054640741116,0.0053144191889,0.0051714169466,0.0050341669116,0.004901833817,0.0047736505487,0.0046489612057,0.0045270326007,0.0044072756765,0.0042891550079,0.0041721865318,0.0040559358867,0.0039400174532,0.0038240941091,0.0037078776342,0.0035911296432,0.0034736628673,0.0033553425782,0.0032360879209,0.0031158729253,0.0029947269734,0.0028727345281,0.0027500339631,0.0026268153841,0.0025033173773,0.0023798226809,0.002256652826,0.0021341618452,0.0020127291942,0.0018927520641,0.0017746372973,0.00165879313,0.0015456209964,0.0014355076249,0.001328817641,0.0012258868719,0.0011270165182,0.001032468321,0.00094246081794,0.00085716673816,0.00077671155006,0.00070117313473,0.00063058252599,0.00056492562723,0.00050414579125,0.00044814713127,0.00039679841913,0.00034993742119,0.00030737552236,0.00026890249404,0.00023429127147,0.00020330261962,0.00017570853279,0.00015128293761,0.00012972086957,0.00011077603996,9.4208840276e-05,7.9788721477e-05,6.7296110874e-05,5.6523882364e-05,4.72784064e-05,3.9380213916e-05,3.2664314202e-05,2.6980210255e-05,2.2191656787e-05,1.8176205998e-05,1.482458476e-05,1.2039944237e-05,9.7370195572e-06,7.8412330954e-06,6.2877706061e-06,5.0206549469e-06,3.9918377302e-06,3.1603250188e-06,2.4913492707e-06,1.9555962132e-06,1.5284922295e-06,1.1895551911e-06,9.2180947065e-07,7.1126410149e-07,