{"n":208,"kde":{"x":[10,10.1,10.2,10.3,10.4,10.5,10.6,10.7,10.8,10.9,11,11.1,11.2,11.3,11.4,11.5,11.6,11.7,11.8,11.9,12,12.1,12.2,12.3,12.4,12.5,12.6,12.7,12.8,12.9,13,13.1,13.2,13.3,13.4,13.5,13.6,13.7,13.8,13.9,14,14.1,14.2,14.3,14.4,14.5,14.6,14.7,14.8,14.9,15,15.1,15.2,15.3,15.4,15.5,15.6,15.7,15.8,15.9,16,16.1,16.2,16.3,16.4,16.5,16.6,16.7,16.8,16.9,17,17.1,17.2,17.3,17.4,17.5,17.6,17.7,17.8,17.9,18,18.1,18.2,18.3,18.4,18.5,18.6,18.7,18.8,18.9,19,19.1,19.2,19.3,19.4,19.5,19.6,19.7,19.8,19.9,20,20.1,20.2,20.3,20.4,20.5,20.6,20.7,20.8,20.9,21,21.1,21.2,21.3,21.4,21.5,21.6,21.7,21.8,21.9,22,22.1,22.2,22.3,22.4,22.5,22.6,22.7,22.8,22.9,23,23.1,23.2,23.3,23.4,23.5,23.6,23.7,23.8,23.9,24,24.1,24.2,24.3,24.4,24.5,24.6,24.7,24.8,24.9,25,25.1,25.2,25.3,25.4,25.5,25.6,25.7,25.8,25.9,26,26.1,26.2,26.3,26.4,26.5,26.6,26.7,26.8,26.9,27,27.1,27.2,27.3,27.4,27.5,27.6,27.7,27.8,27.9,28,28.1,28.2,28.3,28.4,28.5,28.6,28.7,28.8,28.9,29,29.1,29.2,29.3,29.4,29.5,29.6,29.7,29.8,29.9,30,30.1,30.2,30.3,30.4,30.5,30.6,30.7,30.8,30.9,31,31.1,31.2,31.3,31.4,31.5,31.6,31.7,31.8,31.9,32,32.1,32.2,32.3,32.4,32.5,32.6,32.7,32.8,32.9,33,33.1,33.2,33.3,33.4,33.5,33.6,33.7,33.8,33.9,34,34.1,34.2,34.3,34.4,34.5,34.6,34.7,34.8,34.9,35,35.1,35.2,35.3,35.4,35.5,35.6,35.7,35.8,35.9,36,36.1,36.2,36.3,36.4,36.5,36.6,36.7,36.8,36.9,37,37.1,37.2,37.3,37.4,37.5,37.6,37.7,37.8,37.9,38,38.1,38.2,38.3,38.4,38.5,38.6,38.7,38.8,38.9,39,39.1,39.2,39.3,39.4,39.5,39.6,39.7,39.8,39.9,40,40.1,40.2,40.3,40.4,40.5,40.6,40.7,40.8,40.9,41,41.1,41.2,41.3,41.4,41.5,41.6,41.7,41.8,41.9,42,42.1,42.2,42.3,42.4,42.5,42.6,42.7,42.8,42.9,43,43.1,43.2,43.3,43.4,43.5,43.6,43.7,43.8,43.9,44,44.1,44.2,44.3,44.4,44.5,44.6,44.7,44.8,44.9,45,45.1,45.2,45.3,45.4,45.5,45.6,45.7,45.8,45.9,46,46.1,46.2,46.3,46.4,46.5,46.6,46.7,46.8,46.9,47,47.1,47.2,47.3,47.4,47.5,47.6,47.7,47.8,47.9,48,48.1,48.2,48.3,48.4,48.5,48.6,48.7,48.8,48.9,49,49.1,49.2,49.3,49.4,49.5,49.6,49.7,49.8,49.9,50],"y":[0.0021055843995,0.0021989181397,0.0022947654277,0.0023934182529,0.0024952022451,0.0026004736925,0.002709615938,0.0028230352175,0.0029411560176,0.0030644160317,0.0031932608036,0.0033281381482,0.0034694924389,0.003617940965,0.0037738391503,0.0039374973815,0.0041092856709,0.0042895424078,0.0044785698031,0.0046766298183,0.00488394066,0.0051006739178,0.0053269524258,0.0055628489228,0.0058083855895,0.0060635345311,0.0063282192707,0.0066023173086,0.0068856637852,0.0071780562727,0.0074792606913,0.0077890183245,0.0081070538713,0.0084330844406,0.0087668293514,0.0091080205646,0.0094564135281,0.0098117981778,0.010174009799,0.010542939423,0.010918543397,0.011300851768,0.011690182735,0.012086598999,0.012490342607,0.012901795393,0.013321422982,0.013749768097,0.014187440662,0.014635104693,0.015093462072,0.015563233423,0.01604513639,0.016539861747,0.017048047878,0.017570254232,0.01810693446,0.018658409997,0.019224844892,0.019806222702,0.020402326259,0.021012721085,0.021636743164,0.022273491676,0.022921827212,0.023580375808,0.024247539012,0.024921510019,0.02560029571,0.026281744282,0.026963577947,0.027643273029,0.028318378993,0.028986487574,0.029645231964,0.03029233786,0.030925667485,0.031543261415,0.032143377137,0.032724523348,0.0332854891,0.03382536707,0.03434357039,0.034839842674,0.035314261045,0.035767232213,0.036199481802,0.036612037339,0.037006205487,0.037383544227,0.03774583084,0.038095026612,0.038433239249,0.038762684008,0.039085644547,0.039404434444,0.039721360291,0.040038687133,0.040358606962,0.040683223408,0.041014800991,0.041354976805,0.041705391961,0.042067516,0.042442641154,0.042831880495,0.043236169611,0.043656271359,0.044092783202,0.044546146604,0.045016657937,0.045504480369,0.046009656214,0.046532119261,0.04707170663,0.047628169791,0.04820118438,0.048790358576,0.049395239808,0.05001531966,0.050650036889,0.051298778546,0.051960879222,0.052635618523,0.053322216913,0.05401983011,0.054727542273,0.055444358245,0.056169240303,0.056901112291,0.05763843149,0.058379785485,0.059123640141,0.059868333727,0.060612072694,0.061352929482,0.062088842643,0.062817619605,0.063536942267,0.064244375624,0.064937379509,0.065613323475,0.066269504756,0.066903169169,0.067511534709,0.068091817529,0.06864125989,0.069157159619,0.069636900531,0.070077983221,0.070478055612,0.070834942613,0.071146674245,0.071411511614,0.071627970147,0.071794839554,0.071911200074,0.071975846409,0.071987736184,0.071948232017,0.071857689871,0.071716770192,0.071526426773,0.071287891643,0.071002656366,0.070672450243,0.070299215943,0.069885083155,0.069432340874,0.068943408956,0.068420809539,0.06786713893,0.067285040504,0.066677179088,0.066046217271,0.065394793946,0.064725505359,0.064040888813,0.06334340909,0.062635447578,0.061919293977,0.061197140419,0.060471077729,0.059743093513,0.059015071734,0.058288793359,0.057566020143,0.056848437307,0.056137441385,0.055434403862,0.05474059875,0.05405720149,0.053385286563,0.052725823717,0.052079672778,0.051447577107,0.050830155845,0.050227895151,0.049641138727,0.04907007798,0.04851474222,0.047974989344,0.047450497472,0.046940758012,0.046445070632,0.045962540584,0.045492078798,0.045032405088,0.044582054764,0.044139388838,0.043702607947,0.043269769971,0.042838811272,0.042407571318,0.041973820393,0.041535139006,0.041089151283,0.040633696121,0.040166602837,0.039685804607,0.039189372905,0.038675550537,0.038142782569,0.037589744497,0.037015367053,0.036418857151,0.035799714511,0.035157743665,0.034493061105,0.033806097469,0.033097594776,0.032368598814,0.031620446906,0.03085475135,0.030073378928,0.029278426944,0.028472196281,0.02765716203,0.026835942244,0.026011265377,0.025185936961,0.024362806042,0.023544731866,0.022734551258,0.021935396211,0.021149939549,0.020380627901,0.019629887975,0.018899979851,0.018192975535,0.017510739913,0.016854914194,0.01622690189,0.015627857358,0.015058676949,0.014519992778,0.014012169147,0.01353530164,0.013089218915,0.01267348722,0.012287417633,0.011930076039,0.011600295821,0.011296693213,0.01101768525,0.010761510192,0.010526250256,0.010309856463,0.010110175311,0.0099249769947,0.0097519847751,0.0095889051159,0.0094334581176,0.0092835022056,0.0091366570052,0.0089908421618,0.0088441453682,0.0086948107931,0.0085412602189,0.0083821110287,0.0082161907097,0.0080425476186,0.0078604578301,0.0076694279799,0.0074691941011,0.0072597165459,0.0070411711691,0.0068139370336,0.0065785809742,0.0063358394185,0.0060865979187,0.0058318688855,0.0055727680458,0.0053104901508,0.0050462844644,0.004781430541,0.0045172147727,0.0042549081472,0.0039957456038,0.0037409073192,0.0034915021891,0.0032485537057,0.0030132801053,0.0027862779356,0.0025682273012,0.0023597057238,0.0021611732281,0.001972973528,0.0017953371901,0.0016283865368,0.0014721420329,0.0013265298857,0.0011913905919,0.0010664881647,0.00095151978736,0.00084612565621,0.00074989879634,0.00066239465741,0.00058314032342,0.0005116431979,0.00044739905369,0.00038989936413,0.00033863785869,0.0002931162702,0.00025284926343,0.00021736855412,0.00018622624427,0.00015899741373,0.00013528201875,0.00011470615681,9.6929905906e-05,8.169837357e-05,6.8625709354e-05,5.7447885019e-05,4.7925964151e-05,3.9844928615e-05,3.3012339691e-05,2.7256884157e-05,2.2426849867e-05,1.8388569466e-05,1.5024865104e-05,1.2233521404e-05,9.9258086288e-06,8.0250731478e-06,6.4654078463e-06,5.1904112144e-06,4.1520404278e-06,3.3095608248e-06,2.6285917593e-06,2.0802468498e-06,1.6403651025e-06,1.2888282331e-06,1.0089586884e-06,7.8699234498e-07,6.1161957732e-07,4.7358831402e-07,3.6536278471e-07,2.8083187617e-07,2.1506132451e-07,1.6417272793e-07,1.2512625629e-07,9.5020550813e-08,7.1895682808e-08,5.4199938914e-08,4.0709902432e-08,3.0465001413e-08,2.2714169126e-08,1.6872587847e-08,1.2486779977e-08,9.2065713261e-09,6.7626814186e-09,4.9488966701e-09,3.6079563047e-09,2.6204303726e-09,1.895996692e-09,1.3666311787e-09,9.8131661794e-10,7.0195040904e-10,5.0019416288e-10,3.5505959422e-10,2.510671947e-10,1.7684814166e-10,1.2408768304e-10,8.6730206376e-11,6.0383967357e-11,4.1877289234e-11,2.8929266156e-11,1.9906477793e-11,1.3667866161e-11,9.380332149e-12,