{"n":280,"kde":{"x":[10,10.1,10.2,10.3,10.4,10.5,10.6,10.7,10.8,10.9,11,11.1,11.2,11.3,11.4,11.5,11.6,11.7,11.8,11.9,12,12.1,12.2,12.3,12.4,12.5,12.6,12.7,12.8,12.9,13,13.1,13.2,13.3,13.4,13.5,13.6,13.7,13.8,13.9,14,14.1,14.2,14.3,14.4,14.5,14.6,14.7,14.8,14.9,15,15.1,15.2,15.3,15.4,15.5,15.6,15.7,15.8,15.9,16,16.1,16.2,16.3,16.4,16.5,16.6,16.7,16.8,16.9,17,17.1,17.2,17.3,17.4,17.5,17.6,17.7,17.8,17.9,18,18.1,18.2,18.3,18.4,18.5,18.6,18.7,18.8,18.9,19,19.1,19.2,19.3,19.4,19.5,19.6,19.7,19.8,19.9,20,20.1,20.2,20.3,20.4,20.5,20.6,20.7,20.8,20.9,21,21.1,21.2,21.3,21.4,21.5,21.6,21.7,21.8,21.9,22,22.1,22.2,22.3,22.4,22.5,22.6,22.7,22.8,22.9,23,23.1,23.2,23.3,23.4,23.5,23.6,23.7,23.8,23.9,24,24.1,24.2,24.3,24.4,24.5,24.6,24.7,24.8,24.9,25,25.1,25.2,25.3,25.4,25.5,25.6,25.7,25.8,25.9,26,26.1,26.2,26.3,26.4,26.5,26.6,26.7,26.8,26.9,27,27.1,27.2,27.3,27.4,27.5,27.6,27.7,27.8,27.9,28,28.1,28.2,28.3,28.4,28.5,28.6,28.7,28.8,28.9,29,29.1,29.2,29.3,29.4,29.5,29.6,29.7,29.8,29.9,30,30.1,30.2,30.3,30.4,30.5,30.6,30.7,30.8,30.9,31,31.1,31.2,31.3,31.4,31.5,31.6,31.7,31.8,31.9,32,32.1,32.2,32.3,32.4,32.5,32.6,32.7,32.8,32.9,33,33.1,33.2,33.3,33.4,33.5,33.6,33.7,33.8,33.9,34,34.1,34.2,34.3,34.4,34.5,34.6,34.7,34.8,34.9,35,35.1,35.2,35.3,35.4,35.5,35.6,35.7,35.8,35.9,36,36.1,36.2,36.3,36.4,36.5,36.6,36.7,36.8,36.9,37,37.1,37.2,37.3,37.4,37.5,37.6,37.7,37.8,37.9,38,38.1,38.2,38.3,38.4,38.5,38.6,38.7,38.8,38.9,39,39.1,39.2,39.3,39.4,39.5,39.6,39.7,39.8,39.9,40,40.1,40.2,40.3,40.4,40.5,40.6,40.7,40.8,40.9,41,41.1,41.2,41.3,41.4,41.5,41.6,41.7,41.8,41.9,42,42.1,42.2,42.3,42.4,42.5,42.6,42.7,42.8,42.9,43,43.1,43.2,43.3,43.4,43.5,43.6,43.7,43.8,43.9,44,44.1,44.2,44.3,44.4,44.5,44.6,44.7,44.8,44.9,45,45.1,45.2,45.3,45.4,45.5,45.6,45.7,45.8,45.9,46,46.1,46.2,46.3,46.4,46.5,46.6,46.7,46.8,46.9,47,47.1,47.2,47.3,47.4,47.5,47.6,47.7,47.8,47.9,48,48.1,48.2,48.3,48.4,48.5,48.6,48.7,48.8,48.9,49,49.1,49.2,49.3,49.4,49.5,49.6,49.7,49.8,49.9,50],"y":[0.0041122164848,0.0042561427544,0.0043945331274,0.0045270413241,0.0046534257228,0.0047735538326,0.0048874048082,0.004995070019,0.0050967517452,0.0051927601279,0.0052835085541,0.0053695076971,0.0054513584688,0.0055297441623,0.0056054220734,0.0056792148885,0.0057520021123,0.0058247117831,0.0058983126869,0.0059738072348,0.0060522251179,0.006134617793,0.0062220537963,0.0063156148197,0.0064163924307,0.0065254852667,0.0066439964928,0.006773031283,0.0069136940667,0.007067085277,0.0072342973519,0.0074164097592,0.0076145001698,0.0078299608019,0.0080634565457,0.008315936385,0.0085882911253,0.0088813406678,0.0091958204079,0.0095323670694,0.009891504341,0.010273628736,0.010678996118,0.011107709364,0.011559707621,0.012034757584,0.012532447214,0.013052182197,0.01359318543,0.014154499686,0.014734993528,0.015333370438,0.015948181015,0.016577837999,0.017220633769,0.0178747599,0.018538328282,0.019209393266,0.01988597427,0.020566078285,0.021247721734,0.021928951198,0.022607862577,0.023282618338,0.023951462617,0.024612734043,0.025264876246,0.02590644616,0.0265361203,0.027152699291,0.027755111012,0.028342412735,0.028913792694,0.02946857149,0.0300062037,0.030526280028,0.031028530209,0.031512826814,0.031979189953,0.032427792763,0.032858955163,0.033272847164,0.033670515543,0.034052817743,0.034420791448,0.034775655947,0.035118810771,0.035451831054,0.035776459176,0.036094592341,0.03640826591,0.036719632478,0.037030936852,0.037344487272,0.037662623402,0.037987681777,0.038321959517,0.038667677248,0.039026942223,0.039401712662,0.039793764342,0.040204660384,0.040635725083,0.041088022536,0.041562340592,0.042059180521,0.042578752566,0.043120977338,0.043685492819,0.044271666556,0.044878612453,0.045505211437,0.046150135184,0.046811872012,0.047488754048,0.048178984786,0.048880666199,0.049591824688,0.050310435246,0.051034443361,0.051761784335,0.052490399863,0.053218251849,0.05394333359,0.054663678599,0.05537736739,0.056082532685,0.056777363478,0.05746010244,0.058128736383,0.058781905399,0.059418062931,0.060035738057,0.06063354129,0.061210171314,0.061764422556,0.062295193381,0.062801494625,0.063282458097,0.06373734463,0.064165551237,0.064566616936,0.064940226798,0.065286213854,0.065604558513,0.06589538527,0.066158956517,0.06639566342,0.066606013874,0.066790617676,0.066950169144,0.067085427467,0.067197195185,0.067286295205,0.06735354686,0.067399741493,0.067425618112,0.067431839635,0.067418970252,0.067387454426,0.067337597998,0.067269551884,0.067183298759,0.067078643146,0.066955205227,0.066812418707,0.066649532947,0.066465619601,0.066259583857,0.066030180371,0.06577603387,0.065495664342,0.065187516603,0.06484999397,0.064481495616,0.064080457111,0.063645388347,0.063174142985,0.062666278941,0.0621208397,0.06153713332,0.060914774598,0.060253723775,0.059554320673,0.058817313138,0.058043878794,0.057235639164,0.056394665406,0.055523475034,0.054625019242,0.053702660651,0.052760141527,0.051801542804,0.050831234461,0.049853818065,0.04887406251,0.047896834205,0.046927023105,0.04596946616,0.045028869824,0.044109733343,0.04321627453,0.042352359732,0.041521439579,0.040726492019,0.039969973957,0.039253782643,0.038579227716,0.037947014595,0.037357239615,0.036809397063,0.036302397989,0.035834600382,0.035403850067,0.035007531403,0.034642626657,0.034305782701,0.033993383531,0.033701626951,0.033426603667,0.033164376965,0.032911061154,0.032662896946,0.032416322043,0.032168035315,0.0319148931,0.031654338373,0.031384183656,0.031102669753,0.030808479813,0.030500741203,0.030179016121,0.02984328147,0.029493898834,0.029131575627,0.028757318781,0.028372382481,0.02797821164,0.027576382873,0.027168544786,0.026756359357,0.026341446124,0.025925330737,0.025509399279,0.025094859513,0.02468270997,0.024273717508,0.023868403696,0.02346704005,0.023069651905,0.02267603042,0.022285751971,0.021898203991,0.021512616172,0.021128095775,0.02074366579,0.020358304591,0.019970985827,0.01958071727,0.019186577516,0.018787749509,0.018383550033,0.017973454499,0.01755711652,0.017134381945,0.016705297235,0.01627011221,0.015829277354,0.015383436027,0.014933412027,0.014480193057,0.014024910701,0.013568817595,0.013113305497,0.012659814966,0.012209807573,0.011764757893,0.011326126566,0.010895334689,0.010473739743,0.010062613468,0.0096631219902,0.0092763084913,0.0089030785879,0.0085441885747,0.0082002365999,0.0078716568038,0.0075587163978,0.0072615156232,0.0069799904895,0.0067139181585,0.0064629248094,0.0062264957924,0.0060039878522,0.0057946431779,0.0055976050156,0.0054119345576,0.0052366288057,0.0050706390913,0.0049128899222,0.0047622978214,0.0046177898171,0.0044783212528,0.0043428925892,0.004210564895,0.00408047374,0.0039518412422,0.0038239860551,0.0036963311272,0.0035684091159,0.0034398653919,0.0033104586262,0.0031800590103,0.0030486442153,0.002916293251,0.0027831784338,0.0026495557156,0.0025157536626,0.0023821613968,0.0022492158326,0.0021173885461,0.0019872174534,0.0018591826667,0.0017337799474,0.0016114901811,0.0014927680021,0.0013780328871,0.0012676616756,0.0011619825982,0.0010612708545,0.00096574572975,0.00087556920075,0.0007908459442,0.00071162462687,0.00063790033314,0.00056961796576,0.00050667644391,0.00044893351706,0.0003962110139,0.00034830035193,0.00030496814449,0.00026596175683,0.00023101468122,0.00019985162067,0.00017219319259,0.00014776018437,0.00012627731446,0.00010747647158,9.1099422927e-05,7.6899998008e-05,6.4645768078e-05,5.4119252151e-05,4.5118688909e-05,3.7458419784e-05,3.0968932107e-05,2.5496612845e-05,2.0903263174e-05,1.706542249e-05,1.387354748e-05,1.1231088119e-05,9.0534980022e-06,7.2672116411e-06,5.8086164532e-06,4.6230422919e-06,3.6637867327e-06,2.8911900076e-06,2.2717695731e-06,1.7774208518e-06,1.3846877333e-06,1.0754612222e-06,8.3182044777e-07,6.4066043435e-07,4.9134593134e-07,3.7523701105e-07,2.8535174364e-07,2.1607757002e-07,1.6292618591e-07,1.2232688379e-07,9.1453544049e-08,6.8080788769e-08,5.0465182673e-08,3.7247762617e-08,2.7374579523e-08,2.0032332491e-08,1.4596551632e-08,1.0590137699e-08,7.6503880058e-09,5.5029272919e-09,3.9412184484e-09,2.8105520966e-09,1.9956077146e-09,1.4108444452e-09,