{"n":266,"kde":{"x":[10,10.1,10.2,10.3,10.4,10.5,10.6,10.7,10.8,10.9,11,11.1,11.2,11.3,11.4,11.5,11.6,11.7,11.8,11.9,12,12.1,12.2,12.3,12.4,12.5,12.6,12.7,12.8,12.9,13,13.1,13.2,13.3,13.4,13.5,13.6,13.7,13.8,13.9,14,14.1,14.2,14.3,14.4,14.5,14.6,14.7,14.8,14.9,15,15.1,15.2,15.3,15.4,15.5,15.6,15.7,15.8,15.9,16,16.1,16.2,16.3,16.4,16.5,16.6,16.7,16.8,16.9,17,17.1,17.2,17.3,17.4,17.5,17.6,17.7,17.8,17.9,18,18.1,18.2,18.3,18.4,18.5,18.6,18.7,18.8,18.9,19,19.1,19.2,19.3,19.4,19.5,19.6,19.7,19.8,19.9,20,20.1,20.2,20.3,20.4,20.5,20.6,20.7,20.8,20.9,21,21.1,21.2,21.3,21.4,21.5,21.6,21.7,21.8,21.9,22,22.1,22.2,22.3,22.4,22.5,22.6,22.7,22.8,22.9,23,23.1,23.2,23.3,23.4,23.5,23.6,23.7,23.8,23.9,24,24.1,24.2,24.3,24.4,24.5,24.6,24.7,24.8,24.9,25,25.1,25.2,25.3,25.4,25.5,25.6,25.7,25.8,25.9,26,26.1,26.2,26.3,26.4,26.5,26.6,26.7,26.8,26.9,27,27.1,27.2,27.3,27.4,27.5,27.6,27.7,27.8,27.9,28,28.1,28.2,28.3,28.4,28.5,28.6,28.7,28.8,28.9,29,29.1,29.2,29.3,29.4,29.5,29.6,29.7,29.8,29.9,30,30.1,30.2,30.3,30.4,30.5,30.6,30.7,30.8,30.9,31,31.1,31.2,31.3,31.4,31.5,31.6,31.7,31.8,31.9,32,32.1,32.2,32.3,32.4,32.5,32.6,32.7,32.8,32.9,33,33.1,33.2,33.3,33.4,33.5,33.6,33.7,33.8,33.9,34,34.1,34.2,34.3,34.4,34.5,34.6,34.7,34.8,34.9,35,35.1,35.2,35.3,35.4,35.5,35.6,35.7,35.8,35.9,36,36.1,36.2,36.3,36.4,36.5,36.6,36.7,36.8,36.9,37,37.1,37.2,37.3,37.4,37.5,37.6,37.7,37.8,37.9,38,38.1,38.2,38.3,38.4,38.5,38.6,38.7,38.8,38.9,39,39.1,39.2,39.3,39.4,39.5,39.6,39.7,39.8,39.9,40,40.1,40.2,40.3,40.4,40.5,40.6,40.7,40.8,40.9,41,41.1,41.2,41.3,41.4,41.5,41.6,41.7,41.8,41.9,42,42.1,42.2,42.3,42.4,42.5,42.6,42.7,42.8,42.9,43,43.1,43.2,43.3,43.4,43.5,43.6,43.7,43.8,43.9,44,44.1,44.2,44.3,44.4,44.5,44.6,44.7,44.8,44.9,45,45.1,45.2,45.3,45.4,45.5,45.6,45.7,45.8,45.9,46,46.1,46.2,46.3,46.4,46.5,46.6,46.7,46.8,46.9,47,47.1,47.2,47.3,47.4,47.5,47.6,47.7,47.8,47.9,48,48.1,48.2,48.3,48.4,48.5,48.6,48.7,48.8,48.9,49,49.1,49.2,49.3,49.4,49.5,49.6,49.7,49.8,49.9,50],"y":[0.0044837640343,0.0045518293161,0.0046127146229,0.0046666111962,0.0047137989919,0.0047546427394,0.0047895866639,0.0048191479777,0.0048439092727,0.0048645099724,0.0048816370215,0.0048960150085,0.0049083959312,0.0049195422183,0.0049302885815,0.0049414683226,0.0049538350965,0.0049681184719,0.004985016604,0.005005190036,0.0050292567393,0.0050577884776,0.005091308542,0.0051302908769,0.0051751605804,0.0052262957313,0.0052840304645,0.0053486591864,0.0054204417962,0.0054996097568,0.0055869015127,0.005682030408,0.0057851672776,0.0058965043503,0.0060162442199,0.0061446065893,0.0062818343702,0.0064281989715,0.0065840046325,0.0067495916793,0.0069253386097,0.0071116629379,0.0073090207621,0.0075179050445,0.0077388426242,0.0079723900121,0.008219791466,0.0084813670187,0.0087574330584,0.0090485985584,0.0093554630538,0.0096786074501,0.010018584689,0.010375910447,0.010751054056,0.0111444298,0.011556388765,0.011987211379,0.012437100771,0.012906177061,0.013394472677,0.013901928756,0.014428918148,0.01497541499,0.015540256436,0.01612298325,0.016723045299,0.017339805053,0.01797254196,0.018620457586,0.019282681423,0.019958277248,0.020646249909,0.021345552436,0.022055093354,0.022773744111,0.023500346512,0.024233720092,0.024972704753,0.025716223882,0.026462730543,0.02721102892,0.027959937018,0.028708292621,0.029454959038,0.030198830679,0.030938838483,0.031673955252,0.032403200914,0.03312564776,0.033840425678,0.034546727388,0.035243813692,0.035931018715,0.036607755108,0.037272850233,0.037926385307,0.038568188918,0.039198062259,0.039815908977,0.040421738007,0.041015665543,0.041597916015,0.042168821908,0.042728822314,0.043278460057,0.04381837733,0.044349309727,0.044872078642,0.045387582006,0.045896783374,0.0464005404,0.046900065897,0.047396604255,0.04789123685,0.048385028008,0.048879006532,0.04937414695,0.049871350766,0.050371428057,0.050875079717,0.051382880693,0.051895264512,0.052412509405,0.052934726308,0.053461848988,0.053993626504,0.054529684601,0.055069420521,0.055611749583,0.05615561526,0.056699782003,0.057242845106,0.057783243076,0.058319272322,0.058849103955,0.059370802453,0.059882345919,0.060381647639,0.060866578628,0.061334990854,0.061784740812,0.06221371312,0.062619843838,0.062999275283,0.063351699102,0.063675392721,0.063968755443,0.064230345048,0.064458892504,0.064653314567,0.064812724147,0.064936438346,0.065023984103,0.065075101397,0.065089744011,0.065068077876,0.065010477034,0.064917517311,0.064789967796,0.06462718095,0.064431380462,0.064204568454,0.06394819032,0.063663808125,0.06335308226,0.063017752464,0.062659618495,0.062280520718,0.06188232087,0.061466883282,0.061036056798,0.060591657642,0.06013545345,0.059669148656,0.059194371419,0.058712503582,0.058225072238,0.057733666322,0.057239484739,0.056743611151,0.056247012718,0.055750540549,0.055254931768,0.054760813038,0.054268705391,0.053779030183,0.053292115993,0.052808206262,0.052327467496,0.05184999783,0.051375835782,0.050905000995,0.050437593413,0.049973320174,0.049512063318,0.049053688948,0.048598053916,0.048145011922,0.047694418988,0.047246138322,0.046800044581,0.046356027555,0.045913995296,0.045473876745,0.045035623868,0.044599213348,0.044164647865,0.04373195698,0.043301319846,0.042872735314,0.042446302418,0.042022165612,0.041600494418,0.041181481791,0.040765342048,0.040352308319,0.039942629521,0.039536566837,0.039134389697,0.038736371289,0.038342783609,0.037953892103,0.037569949962,0.037191192133,0.036818054744,0.036450673805,0.036089021433,0.035733185213,0.035383202517,0.035039055658,0.034700667759,0.034367899462,0.034040546615,0.033718339043,0.033400940463,0.033087949643,0.0327789028,0.032473277261,0.032170496347,0.031869935419,0.031570945162,0.031272779414,0.03097463643,0.030675779527,0.030375470894,0.030072981525,0.029767600969,0.029458646667,0.029145472668,0.028827477521,0.028504111171,0.02817488071,0.027839354858,0.027497167103,0.027148017455,0.0267916728,0.026427959942,0.026056261637,0.025677057672,0.02529037205,0.024896277005,0.024494886915,0.024086351935,0.023670851578,0.023248588462,0.022819782439,0.022384665292,0.021943476175,0.021496457941,0.021043854452,0.020585908966,0.02012286361,0.019654959957,0.019182219344,0.018705060447,0.018223827051,0.017738788572,0.017250232205,0.016758467956,0.016263833687,0.015766699966,0.015267474512,0.014766606069,0.014264587516,0.013761958073,0.013259304485,0.012757261085,0.012256508679,0.01175777223,0.011261932204,0.010769908742,0.010282430292,0.0098003548983,0.0093245534817,0.0088559013749,0.008395269449,0.0079435150158,0.0075014726912,0.0070699454068,0.0066496957455,0.0062414377701,0.0058458294977,0.0054634661543,0.0050948743246,0.0047405070896,0.0044009115172,0.0040771024698,0.0037684193721,0.0034749746295,0.0031967999739,0.0029338485745,0.002685998065,0.0024530543974,0.0022347564187,0.0020307810618,0.0018407490346,0.0016642308915,0.0015007533707,0.0013498058826,0.0012108470423,0.0010833111432,0.0009666144794,0.00086075132509,0.00076452410745,0.00067724710706,0.00059832498951,0.00052717250426,0.00046321828521,0.00040590815191,0.00035470791215,0.00030910567506,0.00026861369128,0.00023276974263,0.00020113810904,0.00017331014442,0.00014890449616,0.000127567005,0.00010897032293,9.2902812995e-05,7.9029345267e-05,6.7035946051e-05,5.6699537354e-05,4.7818539696e-05,4.0211546339e-05,3.3715966108e-05,2.8186656809e-05,2.34945684e-05,1.9525412198e-05,1.617836974e-05,1.3364852288e-05,1.1007319618e-05,9.0381645121e-06,7.3986673855e-06,6.0380237232e-06,4.9167551326e-06,3.9991524872e-06,3.2430139756e-06,2.6218854349e-06,2.113271534e-06,1.6981121777e-06,1.3603160803e-06,1.0863473217e-06,8.6486064967e-07,6.8638131613e-07,5.430253342e-07,4.2825618909e-07,3.3667422542e-07,2.6383515172e-07,2.0609434252e-07,1.6047386877e-07,1.2456768077e-07,9.6785845548e-08,7.496167724e-08,5.7873612004e-08,4.4537805224e-08,3.4164672638e-08,2.6122783989e-08,1.9908985422e-08,1.5123775318e-08,1.1451091414e-08,8.6417856937e-09,6.5001686591e-09,4.8730970762e-09,3.6411602087e-09,2.7115897352e-09,2.0125793707e-09,1.4887523357e-09,1.1026624614e-09,8.1520675005e-10,6.0065944969e-10,