{"n":285,"kde":{"x":[10,10.1,10.2,10.3,10.4,10.5,10.6,10.7,10.8,10.9,11,11.1,11.2,11.3,11.4,11.5,11.6,11.7,11.8,11.9,12,12.1,12.2,12.3,12.4,12.5,12.6,12.7,12.8,12.9,13,13.1,13.2,13.3,13.4,13.5,13.6,13.7,13.8,13.9,14,14.1,14.2,14.3,14.4,14.5,14.6,14.7,14.8,14.9,15,15.1,15.2,15.3,15.4,15.5,15.6,15.7,15.8,15.9,16,16.1,16.2,16.3,16.4,16.5,16.6,16.7,16.8,16.9,17,17.1,17.2,17.3,17.4,17.5,17.6,17.7,17.8,17.9,18,18.1,18.2,18.3,18.4,18.5,18.6,18.7,18.8,18.9,19,19.1,19.2,19.3,19.4,19.5,19.6,19.7,19.8,19.9,20,20.1,20.2,20.3,20.4,20.5,20.6,20.7,20.8,20.9,21,21.1,21.2,21.3,21.4,21.5,21.6,21.7,21.8,21.9,22,22.1,22.2,22.3,22.4,22.5,22.6,22.7,22.8,22.9,23,23.1,23.2,23.3,23.4,23.5,23.6,23.7,23.8,23.9,24,24.1,24.2,24.3,24.4,24.5,24.6,24.7,24.8,24.9,25,25.1,25.2,25.3,25.4,25.5,25.6,25.7,25.8,25.9,26,26.1,26.2,26.3,26.4,26.5,26.6,26.7,26.8,26.9,27,27.1,27.2,27.3,27.4,27.5,27.6,27.7,27.8,27.9,28,28.1,28.2,28.3,28.4,28.5,28.6,28.7,28.8,28.9,29,29.1,29.2,29.3,29.4,29.5,29.6,29.7,29.8,29.9,30,30.1,30.2,30.3,30.4,30.5,30.6,30.7,30.8,30.9,31,31.1,31.2,31.3,31.4,31.5,31.6,31.7,31.8,31.9,32,32.1,32.2,32.3,32.4,32.5,32.6,32.7,32.8,32.9,33,33.1,33.2,33.3,33.4,33.5,33.6,33.7,33.8,33.9,34,34.1,34.2,34.3,34.4,34.5,34.6,34.7,34.8,34.9,35,35.1,35.2,35.3,35.4,35.5,35.6,35.7,35.8,35.9,36,36.1,36.2,36.3,36.4,36.5,36.6,36.7,36.8,36.9,37,37.1,37.2,37.3,37.4,37.5,37.6,37.7,37.8,37.9,38,38.1,38.2,38.3,38.4,38.5,38.6,38.7,38.8,38.9,39,39.1,39.2,39.3,39.4,39.5,39.6,39.7,39.8,39.9,40,40.1,40.2,40.3,40.4,40.5,40.6,40.7,40.8,40.9,41,41.1,41.2,41.3,41.4,41.5,41.6,41.7,41.8,41.9,42,42.1,42.2,42.3,42.4,42.5,42.6,42.7,42.8,42.9,43,43.1,43.2,43.3,43.4,43.5,43.6,43.7,43.8,43.9,44,44.1,44.2,44.3,44.4,44.5,44.6,44.7,44.8,44.9,45,45.1,45.2,45.3,45.4,45.5,45.6,45.7,45.8,45.9,46,46.1,46.2,46.3,46.4,46.5,46.6,46.7,46.8,46.9,47,47.1,47.2,47.3,47.4,47.5,47.6,47.7,47.8,47.9,48,48.1,48.2,48.3,48.4,48.5,48.6,48.7,48.8,48.9,49,49.1,49.2,49.3,49.4,49.5,49.6,49.7,49.8,49.9,50],"y":[0.0031840444121,0.0033437778181,0.0035028749265,0.003660713754,0.0038166941727,0.0039702471445,0.0041208436396,0.0042680030488,0.0044113008993,0.0045503756983,0.0046849347403,0.0048147587335,0.0049397051254,0.0050597100343,0.0051747887233,0.0052850345884,0.0053905650135,0.0054914942135,0.0055883543509,0.0056815220289,0.0057714236239,0.0058585264973,0.0059433296014,0.006026353713,0.0061081315423,0.0061891979695,0.0062700806632,0.0063512913264,0.0064333178048,0.0065166172705,0.0066016106713,0.0066886786031,0.0067781587287,0.0068703448281,0.0069654875205,0.0070637966569,0.0071656089445,0.0072709527506,0.0073799072243,0.0074925737993,0.0076090498883,0.0077294389691,0.0078538610407,0.0079824631589,0.0081154297567,0.0082529924533,0.0083954390636,0.0085431215347,0.0086964625562,0.008855960619,0.0090221933293,0.0091958188195,0.0093775751397,0.0095682775557,0.0097688137215,0.0099804268305,0.010204321997,0.010441202562,0.010692158506,0.010958293596,0.011240709158,0.011540486798,0.011858670314,0.012196247112,0.01255412939,0.012933135412,0.013333971159,0.013757212654,0.014203289264,0.014672468234,0.015164840743,0.015680309705,0.016218579568,0.016779148302,0.0173613425,0.017965260838,0.018588518429,0.01922971699,0.019887252737,0.02055932557,0.021243951145,0.021938975788,0.02264209417,0.023350869632,0.024062756992,0.024775127641,0.025485296704,0.026190551969,0.026888184295,0.027575519128,0.028249948758,0.028908964892,0.029550191098,0.030171414673,0.03076972923,0.031343588609,0.03189195506,0.032413620618,0.032907679024,0.033373542427,0.033810954113,0.034219996899,0.03460109697,0.034955022936,0.035282880017,0.035586099305,0.035866422173,0.036125879958,0.036366769164,0.036591622494,0.036803176122,0.037004333699,0.037198127629,0.037387666036,0.037576333427,0.037767470973,0.037964188322,0.038169501866,0.038386295078,0.038617281383,0.038864970202,0.039131636724,0.039419295902,0.039729681072,0.040064227479,0.040424060913,0.040809991512,0.041222512701,0.041661805111,0.042127745211,0.042619918285,0.043137635294,0.043679953083,0.044246784542,0.04483565151,0.045444783415,0.046072446155,0.046716787101,0.047375860841,0.048047653374,0.048730104236,0.049421126149,0.050118621858,0.050820497945,0.051524675508,0.052229097723,0.052931734393,0.053630583719,0.054323671614,0.055009048961,0.055684787302,0.056348973494,0.056999279986,0.057633590784,0.058250412078,0.058847836733,0.059423951301,0.059976837364,0.060504575589,0.061005252695,0.061476971451,0.061917863681,0.062326106149,0.062699939097,0.063037687076,0.063337781643,0.063598785394,0.063819416739,0.063998574782,0.064135363634,0.064229115462,0.064279198873,0.064283392955,0.064244173853,0.064162027674,0.064037743223,0.063872413293,0.063667431188,0.063424482434,0.063145531724,0.062832805263,0.062488768795,0.062116101667,0.061717667397,0.061296481272,0.060855675555,0.060398462937,0.059928098892,0.059447843586,0.058960924013,0.058470496993,0.057979722934,0.057491732177,0.057009232908,0.056534722536,0.056070470148,0.055618496778,0.055180559502,0.054758139437,0.054352433645,0.053964350894,0.053594511135,0.053243248527,0.052910617779,0.052596403527,0.05230013246,0.052021087859,0.0517583262,0.051510695485,0.051276854923,0.051055479522,0.050845005787,0.050643143389,0.050447994331,0.050257584765,0.050069885805,0.049882833586,0.049694348403,0.049502352819,0.049304788618,0.04909963258,0.048884911017,0.048658713089,0.048419202911,0.048164630509,0.047893341688,0.047603786885,0.047294529112,0.046964251074,0.04661176157,0.046234723495,0.045833285974,0.045406811168,0.044954694775,0.044476483754,0.043971879894,0.043440743044,0.042883093975,0.042299116807,0.041689160944,0.041053742417,0.040393544545,0.039709417786,0.039002378674,0.038273607719,0.037524446144,0.036756391375,0.03597109116,0.035170336266,0.034355711051,0.033529499683,0.032694249701,0.031852235635,0.031005811341,0.030157393477,0.029309443831,0.028464450672,0.027624909321,0.026793302143,0.025972078195,0.025163632772,0.024370287098,0.023594268425,0.022837690776,0.022102536595,0.021390639525,0.02070366854,0.02004311363,0.019410497861,0.018808187473,0.018235646958,0.017693500593,0.017182150346,0.016701774513,0.016252328545,0.01583354806,0.015444953967,0.01508585962,0.014755379901,0.014452442121,0.014175798583,0.013924040672,0.013695614305,0.013488836563,0.013301913342,0.013132957814,0.012980009542,0.012841054022,0.012714456657,0.012597663008,0.012488447202,0.012384786807,0.012284707981,0.012186303322,0.012087748793,0.011987319535,0.011883404415,0.011774519173,0.01165931802,0.011536603589,0.011405335113,0.011264634769,0.011113792102,0.010952266501,0.010779687702,0.010595854319,0.010400730443,0.010194218504,0.0099764520536,0.0097482924484,0.0095103181163,0.009263225996,0.0090078182409,0.0087449880038,0.0084757045244,0.0082009977466,0.0079219427019,0.0076396438935,0.0073552199159,0.0070697885328,0.0067844524295,0.0065002858365,0.0062183222026,0.0059395430744,0.0056648683117,0.0053951477411,0.005131154323,0.0048739721517,0.0046238868773,0.0043813854508,0.0041468792638,0.003920692626,0.0037030652857,0.0034941560924,0.0032940476568,0.0031027518531,0.0029202160003,0.0027463295545,0.0025809311483,0.0024238158117,0.0022747422222,0.0021334398385,0.0019996157871,0.0018729613857,0.0017531582069,0.0016398835986,0.001533009598,0.0014321387621,0.0013368137685,0.0012467405759,0.0011616392893,0.0010812455852,0.0010053115672,0.00093360610537,0.00086591471889,0.00080203907009,0.00074179613561,0.0006850171243,0.00063154620836,0.00058123913187,0.00053396175578,0.00048958859333,0.0004480013827,0.00040908773725,0.00037273990551,0.00033887879831,0.00030748058711,0.000278330454,0.00025132982592,0.00022638077045,0.00020338574764,0.00018224750114,0.00016286907275,0.00014515392295,0.00012900613859,0.00011433070885,0.00010103385057,8.9023364976e-05,7.8209009278e-05,6.8502867791e-05,5.9819709618e-05,5.2077321625e-05,4.5196807708e-05,3.9102847441e-05,3.3723909256e-05,2.9018845119e-05,2.4898072676e-05,2.1295460762e-05,1.8156586439e-05,1.5431130061e-05,1.3072796591e-05,1.1039202998e-05,9.2917366382e-06,