{"n":164,"kde":{"x":[10,10.1,10.2,10.3,10.4,10.5,10.6,10.7,10.8,10.9,11,11.1,11.2,11.3,11.4,11.5,11.6,11.7,11.8,11.9,12,12.1,12.2,12.3,12.4,12.5,12.6,12.7,12.8,12.9,13,13.1,13.2,13.3,13.4,13.5,13.6,13.7,13.8,13.9,14,14.1,14.2,14.3,14.4,14.5,14.6,14.7,14.8,14.9,15,15.1,15.2,15.3,15.4,15.5,15.6,15.7,15.8,15.9,16,16.1,16.2,16.3,16.4,16.5,16.6,16.7,16.8,16.9,17,17.1,17.2,17.3,17.4,17.5,17.6,17.7,17.8,17.9,18,18.1,18.2,18.3,18.4,18.5,18.6,18.7,18.8,18.9,19,19.1,19.2,19.3,19.4,19.5,19.6,19.7,19.8,19.9,20,20.1,20.2,20.3,20.4,20.5,20.6,20.7,20.8,20.9,21,21.1,21.2,21.3,21.4,21.5,21.6,21.7,21.8,21.9,22,22.1,22.2,22.3,22.4,22.5,22.6,22.7,22.8,22.9,23,23.1,23.2,23.3,23.4,23.5,23.6,23.7,23.8,23.9,24,24.1,24.2,24.3,24.4,24.5,24.6,24.7,24.8,24.9,25,25.1,25.2,25.3,25.4,25.5,25.6,25.7,25.8,25.9,26,26.1,26.2,26.3,26.4,26.5,26.6,26.7,26.8,26.9,27,27.1,27.2,27.3,27.4,27.5,27.6,27.7,27.8,27.9,28,28.1,28.2,28.3,28.4,28.5,28.6,28.7,28.8,28.9,29,29.1,29.2,29.3,29.4,29.5,29.6,29.7,29.8,29.9,30,30.1,30.2,30.3,30.4,30.5,30.6,30.7,30.8,30.9,31,31.1,31.2,31.3,31.4,31.5,31.6,31.7,31.8,31.9,32,32.1,32.2,32.3,32.4,32.5,32.6,32.7,32.8,32.9,33,33.1,33.2,33.3,33.4,33.5,33.6,33.7,33.8,33.9,34,34.1,34.2,34.3,34.4,34.5,34.6,34.7,34.8,34.9,35,35.1,35.2,35.3,35.4,35.5,35.6,35.7,35.8,35.9,36,36.1,36.2,36.3,36.4,36.5,36.6,36.7,36.8,36.9,37,37.1,37.2,37.3,37.4,37.5,37.6,37.7,37.8,37.9,38,38.1,38.2,38.3,38.4,38.5,38.6,38.7,38.8,38.9,39,39.1,39.2,39.3,39.4,39.5,39.6,39.7,39.8,39.9,40,40.1,40.2,40.3,40.4,40.5,40.6,40.7,40.8,40.9,41,41.1,41.2,41.3,41.4,41.5,41.6,41.7,41.8,41.9,42,42.1,42.2,42.3,42.4,42.5,42.6,42.7,42.8,42.9,43,43.1,43.2,43.3,43.4,43.5,43.6,43.7,43.8,43.9,44,44.1,44.2,44.3,44.4,44.5,44.6,44.7,44.8,44.9,45,45.1,45.2,45.3,45.4,45.5,45.6,45.7,45.8,45.9,46,46.1,46.2,46.3,46.4,46.5,46.6,46.7,46.8,46.9,47,47.1,47.2,47.3,47.4,47.5,47.6,47.7,47.8,47.9,48,48.1,48.2,48.3,48.4,48.5,48.6,48.7,48.8,48.9,49,49.1,49.2,49.3,49.4,49.5,49.6,49.7,49.8,49.9,50],"y":[0.0057799564258,0.0058798498023,0.0059770805826,0.0060722283846,0.0061659462274,0.0062589555909,0.0063520406197,0.0064461627448,0.0065423687965,0.0066415525646,0.0067446825373,0.0068527446269,0.0069667329796,0.0070876407588,0.0072164510139,0.0073541277477,0.0075016072863,0.0076597900552,0.0078302127732,0.0080138357452,0.0082107305096,0.008421552582,0.0086468874278,0.0088872471281,0.0091430678762,0.0094147082944,0.0097024485507,0.010006490243,0.010326957014,0.010664680013,0.01101985379,0.011391318004,0.011778876704,0.012182270573,0.012601180799,0.013035233113,0.013484001932,0.013947014554,0.014423755339,0.014913669839,0.0154166561,0.015932316303,0.016459124007,0.016996401066,0.017543451217,0.018099563163,0.018664013518,0.019236069622,0.019814992267,0.020400038347,0.020990463473,0.021585654792,0.022184911007,0.022787154113,0.023391667002,0.023997746631,0.024604707007,0.02521188226,0.025818629791,0.026424333483,0.027028406939,0.027630296718,0.02822939526,0.028824981628,0.029416863565,0.03000467121,0.030588083431,0.031166829609,0.031740690957,0.032309501321,0.032873147431,0.033431568527,0.033984755338,0.034532640658,0.03507498788,0.035612408706,0.036145088894,0.036673246028,0.037197123627,0.037716984673,0.03823310461,0.03874576391,0.039255240267,0.039761800531,0.04026565722,0.040766857675,0.041265823094,0.041762670849,0.042257462679,0.042750198136,0.043240808752,0.04372915305,0.044215012483,0.044698088404,0.045178000146,0.045654250595,0.046125805019,0.046592376974,0.047053233549,0.047507573133,0.047954532171,0.048393193055,0.048822593082,0.049241734378,0.049649594679,0.050045138851,0.050427312704,0.050793404592,0.05114388881,0.051477828836,0.051794346995,0.052092636705,0.052371974129,0.05263172909,0.052871375095,0.053090498349,0.053288805616,0.053466130827,0.05362025217,0.053753420677,0.053866049054,0.053958574911,0.054031571391,0.054085743313,0.054121921844,0.054141057728,0.054144213169,0.054132552441,0.054107331336,0.05406885513,0.054019776245,0.053961710182,0.053896157846,0.053824635997,0.053748662526,0.053669741757,0.05358934994,0.053508921046,0.053429833041,0.05335339474,0.053281313429,0.053214564059,0.053154052428,0.053100640445,0.053055064341,0.053017928588,0.052989701081,0.052970709594,0.052961139538,0.052961032984,0.052970288979,0.052989397967,0.053017339744,0.053053315138,0.053096629541,0.053146470154,0.053201913845,0.053261935819,0.053325418999,0.053391164047,0.053457899931,0.05352429496,0.053588697835,0.053649543363,0.053705443248,0.053754944523,0.053796600522,0.053828982703,0.053850692261,0.053860371462,0.053856714627,0.053838478711,0.053804493407,0.053752377859,0.053681558268,0.053591837108,0.053482475669,0.053352852872,0.053202470575,0.053030958026,0.05283807541,0.052623716486,0.052387910272,0.05213082176,0.051851420968,0.051550671006,0.051230140238,0.050890575187,0.050532842604,0.050157923203,0.049766904445,0.049360972391,0.048941402669,0.048509550593,0.048066840487,0.047614312448,0.047153841041,0.046687473569,0.046216786807,0.045743354248,0.04526873209,0.044794445185,0.044321973021,0.043852735908,0.043388081447,0.042929271438,0.042477895818,0.042035223785,0.041601716966,0.041178113843,0.040765008452,0.040362843916,0.039971907365,0.03959232632,0.039224066615,0.038866931896,0.038520564723,0.038184875835,0.037859232347,0.03754209299,0.037232448357,0.036929165809,0.036631001294,0.03633661237,0.036044572313,0.035753385182,0.035461501677,0.035167335636,0.034869058701,0.034564606312,0.03425268445,0.033931758025,0.033600351522,0.033257064815,0.032900588165,0.032529716231,0.032143360982,0.031740563354,0.03132050357,0.030881919122,0.030423385756,0.029946026598,0.029449723064,0.028934523576,0.028400642701,0.027848458693,0.027278509485,0.026691487198,0.026088231251,0.025469720165,0.02483674054,0.024189967926,0.023531977174,0.022864229417,0.022188259176,0.02150566061,0.020818073572,0.020127169571,0.019434637816,0.018742171429,0.018051453988,0.01736424469,0.016682780106,0.016008298122,0.015342288071,0.014686165552,0.014041264071,0.013408827695,0.012790004746,0.012185842571,0.011597283382,0.011025161172,0.010470414107,0.0099352592913,0.0094184631079,0.0089203720462,0.0084412268779,0.0079811662354,0.0075402309086,0.007118368787,0.0067154403709,0.0063312247711,0.0059654261187,0.0056177747623,0.0052895309105,0.0049783003547,0.0046835418832,0.0044046792039,0.0041411078827,0.00389220206,0.0036573208858,0.0034358146281,0.0032270304088,0.0030303175296,0.0028450323589,0.0026716375402,0.0025082891519,0.0023543856216,0.0022093620351,0.0020726785827,0.0019438220812,0.0018223070535,0.0017076763923,0.0015995016336,0.001497382872,0.00140094835,0.0013103614302,0.0012247680685,0.001143843596,0.001067328189,0.00099498337737,0.00092659041242,0.00086194859855,0.00080087361844,0.00074319587591,0.00068875887955,0.00063741768696,0.00058930648871,0.00054404387779,0.00050147062561,0.00046147599678,0.00042395394936,0.00038880232735,0.00035592217147,0.00032521714409,0.00029659306314,0.0002699575385,0.00024521970347,0.00022244169172,0.00020140016286,0.00018197045631,0.00016406732306,0.0001476069063,0.00013250687133,0.0001186865559,0.00010606713338,9.4571782434e-05,8.4125856944e-05,7.4657051017e-05,6.6163771653e-05,5.8519903825e-05,5.1637194151e-05,4.5455378584e-05,3.9917170032e-05,3.4968300397e-05,3.0557541087e-05,2.6636702626e-05,2.3160614301e-05,2.0087085051e-05,1.7376847017e-05,1.5015262927e-05,1.2950501184e-05,1.1141467787e-05,9.5607164271e-06,8.1831571056e-06,6.9859301311e-06,5.9482773511e-06,5.051412059e-06,4.2783888877e-06,3.6139748783e-06,3.0445227836e-06,2.5627010264e-06,2.1538324229e-06,1.8053895625e-06,1.5092665131e-06,1.2583115332e-06,1.0462348795e-06,8.6752268678e-07,7.1735690089e-07,5.9154118793e-07,4.8643269067e-07,3.9887945823e-07,3.2692301222e-07,2.676767928e-07,2.1855722011e-07,1.7795113372e-07,1.4448070809e-07,1.1697287965e-07,9.4432134818e-08,7.6016381315e-08,6.1015635276e-08,4.8833268459e-08,3.8969572221e-08,3.1091589656e-08,2.4799121079e-08,1.9722300971e-08,1.5638693572e-08,1.2364001409e-08,9.7460315302e-09,7.6595218858e-09,6.00172176e-09,