{"n":591,"kde":{"x":[10,10.1,10.2,10.3,10.4,10.5,10.6,10.7,10.8,10.9,11,11.1,11.2,11.3,11.4,11.5,11.6,11.7,11.8,11.9,12,12.1,12.2,12.3,12.4,12.5,12.6,12.7,12.8,12.9,13,13.1,13.2,13.3,13.4,13.5,13.6,13.7,13.8,13.9,14,14.1,14.2,14.3,14.4,14.5,14.6,14.7,14.8,14.9,15,15.1,15.2,15.3,15.4,15.5,15.6,15.7,15.8,15.9,16,16.1,16.2,16.3,16.4,16.5,16.6,16.7,16.8,16.9,17,17.1,17.2,17.3,17.4,17.5,17.6,17.7,17.8,17.9,18,18.1,18.2,18.3,18.4,18.5,18.6,18.7,18.8,18.9,19,19.1,19.2,19.3,19.4,19.5,19.6,19.7,19.8,19.9,20,20.1,20.2,20.3,20.4,20.5,20.6,20.7,20.8,20.9,21,21.1,21.2,21.3,21.4,21.5,21.6,21.7,21.8,21.9,22,22.1,22.2,22.3,22.4,22.5,22.6,22.7,22.8,22.9,23,23.1,23.2,23.3,23.4,23.5,23.6,23.7,23.8,23.9,24,24.1,24.2,24.3,24.4,24.5,24.6,24.7,24.8,24.9,25,25.1,25.2,25.3,25.4,25.5,25.6,25.7,25.8,25.9,26,26.1,26.2,26.3,26.4,26.5,26.6,26.7,26.8,26.9,27,27.1,27.2,27.3,27.4,27.5,27.6,27.7,27.8,27.9,28,28.1,28.2,28.3,28.4,28.5,28.6,28.7,28.8,28.9,29,29.1,29.2,29.3,29.4,29.5,29.6,29.7,29.8,29.9,30,30.1,30.2,30.3,30.4,30.5,30.6,30.7,30.8,30.9,31,31.1,31.2,31.3,31.4,31.5,31.6,31.7,31.8,31.9,32,32.1,32.2,32.3,32.4,32.5,32.6,32.7,32.8,32.9,33,33.1,33.2,33.3,33.4,33.5,33.6,33.7,33.8,33.9,34,34.1,34.2,34.3,34.4,34.5,34.6,34.7,34.8,34.9,35,35.1,35.2,35.3,35.4,35.5,35.6,35.7,35.8,35.9,36,36.1,36.2,36.3,36.4,36.5,36.6,36.7,36.8,36.9,37,37.1,37.2,37.3,37.4,37.5,37.6,37.7,37.8,37.9,38,38.1,38.2,38.3,38.4,38.5,38.6,38.7,38.8,38.9,39,39.1,39.2,39.3,39.4,39.5,39.6,39.7,39.8,39.9,40,40.1,40.2,40.3,40.4,40.5,40.6,40.7,40.8,40.9,41,41.1,41.2,41.3,41.4,41.5,41.6,41.7,41.8,41.9,42,42.1,42.2,42.3,42.4,42.5,42.6,42.7,42.8,42.9,43,43.1,43.2,43.3,43.4,43.5,43.6,43.7,43.8,43.9,44,44.1,44.2,44.3,44.4,44.5,44.6,44.7,44.8,44.9,45,45.1,45.2,45.3,45.4,45.5,45.6,45.7,45.8,45.9,46,46.1,46.2,46.3,46.4,46.5,46.6,46.7,46.8,46.9,47,47.1,47.2,47.3,47.4,47.5,47.6,47.7,47.8,47.9,48,48.1,48.2,48.3,48.4,48.5,48.6,48.7,48.8,48.9,49,49.1,49.2,49.3,49.4,49.5,49.6,49.7,49.8,49.9,50],"y":[0.0024048944256,0.0024899201354,0.0025720906671,0.002651059985,0.0027265111542,0.002798160365,0.0028657605771,0.0029291047309,0.0029880284795,0.0030424124051,0.0030921836913,0.0031371123927,0.003177412625,0.0032131852601,0.0032445567147,0.0032716994162,0.003294829987,0.0033142069504,0.003330127998,0.0033429268643,0.003352969853,0.0033606520713,0.0033663934214,0.0033706344095,0.0033738318271,0.0033764543647,0.0033789782162,0.0033818827331,0.0033856461881,0.0033907417035,0.0033976334045,0.0034067728483,0.0034185957839,0.0034336168529,0.0034522401121,0.0034747675578,0.0035015433289,0.0035328860423,0.0035690885712,0.0036104183842,0.0036571184428,0.0037094086445,0.0037674877863,0.0038315360138,0.0039017177068,0.0039781847414,0.0040610800594,0.0041505414616,0.0042467055358,0.004349711621,0.0044597057043,0.0045768441426,0.0047012971006,0.0048332515992,0.0049729140705,0.0051206014838,0.0052768067545,0.0054415033367,0.0056149913794,0.0057975923849,0.0059896469997,0.0061915119619,0.0064035562416,0.0066261564305,0.0068596914606,0.0071045367502,0.0073610578939,0.0076296040305,0.0079105010321,0.0082040446702,0.0085104939164,0.0088300645389,0.0091629231499,0.0095091818532,0.009868893627,0.010242048562,0.010628571057,0.011028318037,0.011441627274,0.011867711568,0.012306138277,0.012756489027,0.013218286446,0.013690998827,0.01417404553,0.014666802963,0.01516861099,0.015678779597,0.016196595646,0.01672132956,0.017252241757,0.017788588723,0.018329628568,0.018874625981,0.01942285651,0.019973610116,0.020526194,0.021079934723,0.021634179665,0.022188297927,0.022741644645,0.02329359379,0.023843601812,0.024391130247,0.024935662983,0.025476706807,0.026013792437,0.026546476171,0.027074342218,0.02759700577,0.028114116804,0.028625364601,0.029130482878,0.029629255437,0.030121522153,0.030607185113,0.031086214687,0.031558655272,0.032024630461,0.032484347364,0.032938099839,0.033386270367,0.033829286925,0.034267613991,0.034702109546,0.03513350716,0.035562609983,0.035990281066,0.036417431914,0.03684500947,0.037273981765,0.037705322533,0.038139995123,0.03857893608,0.039023038782,0.039473137521,0.039929992436,0.040394275658,0.040866559024,0.041347303675,0.041836851777,0.042335420589,0.042843098995,0.043359846588,0.043885495276,0.044420095598,0.044962903728,0.045513324726,0.046070729595,0.046634405897,0.047203570926,0.047777385505,0.048354967995,0.048935408133,0.049517780303,0.050101155886,0.05068461437,0.051267252926,0.051848194237,0.052426592388,0.053001636721,0.053572553576,0.054138605942,0.054699091075,0.055253336202,0.055800692476,0.056340527405,0.056871993665,0.057394424483,0.057907371346,0.058410163883,0.058902094681,0.059382408925,0.059850294787,0.06030487489,0.060745199128,0.061170239091,0.061578884358,0.061969940833,0.062342131298,0.062694098308,0.063024409511,0.063331565417,0.06361400962,0.063870141399,0.064098330606,0.064296934654,0.064464317424,0.064598869813,0.064698729577,0.064761161065,0.064786192544,0.06477257433,0.064719204323,0.064625150328,0.064489671022,0.064312235116,0.064092538277,0.063830517406,0.063526361917,0.063180521698,0.062793711524,0.062366911735,0.061901365078,0.061398569699,0.06086026834,0.06028843389,0.059685251511,0.05905309763,0.058394516174,0.057712192457,0.057008925204,0.056286992128,0.055550090029,0.054801327732,0.054043649854,0.05327995836,0.052513084867,0.051745764768,0.050980613511,0.050220105361,0.049466554856,0.048722101134,0.047988695238,0.04726809043,0.046561835487,0.045871270919,0.045197527967,0.04454153023,0.043903997712,0.043285453086,0.042686229927,0.042106482672,0.04154619808,0.041005662023,0.040484553721,0.039981932774,0.039497236701,0.039029810569,0.038578922772,0.038143780835,0.037723547112,0.037317354241,0.036924320219,0.03654356299,0.036174214401,0.035815433411,0.035466418417,0.035126418569,0.034794743932,0.034470774368,0.034153967003,0.033843862143,0.033540087534,0.033242360849,0.032950490323,0.032664414603,0.032384321524,0.032110045978,0.031841736083,0.031579602038,0.031323904878,0.031074943713,0.030833041621,0.030598530456,0.030371734828,0.030152955563,0.029942452958,0.029740430173,0.0295470171,0.029362255071,0.029186082728,0.029018323413,0.028858674364,0.028706698014,0.028561815645,0.0284233036,0.028290292232,0.028161767685,0.028036652322,0.027913470962,0.027790768157,0.027667015732,0.027540597779,0.027409829528,0.027272978214,0.027128285614,0.026973991875,0.026808360229,0.026629702166,0.026436402623,0.026226944722,0.025999933603,0.025754118913,0.025488415503,0.025201921952,0.024893936532,0.024563970309,0.024211757101,0.023837260086,0.023440674914,0.023021953397,0.022581741969,0.022121522932,0.021642412655,0.021145718715,0.020632922161,0.020105657369,0.019565689859,0.019014892533,0.018455220766,0.017888686829,0.017317334131,0.016743211726,0.016168349552,0.015594734814,0.015024289903,0.014458852187,0.013900155962,0.013349816803,0.01280931848,0.012280002569,0.011763060783,0.011259615038,0.010771120651,0.01029769554,0.009839884655,0.0093980854441,0.008972555167,0.0085634198003,0.0081706842525,0.0077942436039,0.0074338950889,0.0070893505424,0.0067602490479,0.0064461695401,0.00614664314,0.0058611650205,0.005589205633,0.0053302211488,0.0050836630004,0.0048489864365,0.0046256580296,0.0044131621026,0.0042110060655,0.0040187246715,0.0038362280313,0.0036628339006,0.0034980775419,0.0033416309166,0.0031931996524,0.0030525217541,0.0029193657254,0.0027935281881,0.0026748310851,0.0025631185499,0.0024582535215,0.0023601141805,0.0022685902746,0.0021835793997,0.002104983295,0.0020327042061,0.0019666413656,0.0019066876355,0.0018527263519,0.0018046284077,0.0017622496073,0.0017254283223,0.001694094327,0.0016680603491,0.0016469493912,0.0016305096882,0.0016184657396,0.0016105183918,0.0016063453578,0.0016056021811,0.001607923641,0.0016129255956,0.0016202072491,0.001629353825,0.0016399396192,0.0016515314008,0.001663692118,0.0016759848622,0.0016879770351,0.001699244656,0.0017093767423,0.0017179796907,0.0017246815837,0.0017291363432,0.0017310142247,0.0017299048587,0.0017256823421,0.0017181466615,0.0017071398499,0.0016925475269,