{"n":227,"kde":{"x":[10,10.1,10.2,10.3,10.4,10.5,10.6,10.7,10.8,10.9,11,11.1,11.2,11.3,11.4,11.5,11.6,11.7,11.8,11.9,12,12.1,12.2,12.3,12.4,12.5,12.6,12.7,12.8,12.9,13,13.1,13.2,13.3,13.4,13.5,13.6,13.7,13.8,13.9,14,14.1,14.2,14.3,14.4,14.5,14.6,14.7,14.8,14.9,15,15.1,15.2,15.3,15.4,15.5,15.6,15.7,15.8,15.9,16,16.1,16.2,16.3,16.4,16.5,16.6,16.7,16.8,16.9,17,17.1,17.2,17.3,17.4,17.5,17.6,17.7,17.8,17.9,18,18.1,18.2,18.3,18.4,18.5,18.6,18.7,18.8,18.9,19,19.1,19.2,19.3,19.4,19.5,19.6,19.7,19.8,19.9,20,20.1,20.2,20.3,20.4,20.5,20.6,20.7,20.8,20.9,21,21.1,21.2,21.3,21.4,21.5,21.6,21.7,21.8,21.9,22,22.1,22.2,22.3,22.4,22.5,22.6,22.7,22.8,22.9,23,23.1,23.2,23.3,23.4,23.5,23.6,23.7,23.8,23.9,24,24.1,24.2,24.3,24.4,24.5,24.6,24.7,24.8,24.9,25,25.1,25.2,25.3,25.4,25.5,25.6,25.7,25.8,25.9,26,26.1,26.2,26.3,26.4,26.5,26.6,26.7,26.8,26.9,27,27.1,27.2,27.3,27.4,27.5,27.6,27.7,27.8,27.9,28,28.1,28.2,28.3,28.4,28.5,28.6,28.7,28.8,28.9,29,29.1,29.2,29.3,29.4,29.5,29.6,29.7,29.8,29.9,30,30.1,30.2,30.3,30.4,30.5,30.6,30.7,30.8,30.9,31,31.1,31.2,31.3,31.4,31.5,31.6,31.7,31.8,31.9,32,32.1,32.2,32.3,32.4,32.5,32.6,32.7,32.8,32.9,33,33.1,33.2,33.3,33.4,33.5,33.6,33.7,33.8,33.9,34,34.1,34.2,34.3,34.4,34.5,34.6,34.7,34.8,34.9,35,35.1,35.2,35.3,35.4,35.5,35.6,35.7,35.8,35.9,36,36.1,36.2,36.3,36.4,36.5,36.6,36.7,36.8,36.9,37,37.1,37.2,37.3,37.4,37.5,37.6,37.7,37.8,37.9,38,38.1,38.2,38.3,38.4,38.5,38.6,38.7,38.8,38.9,39,39.1,39.2,39.3,39.4,39.5,39.6,39.7,39.8,39.9,40,40.1,40.2,40.3,40.4,40.5,40.6,40.7,40.8,40.9,41,41.1,41.2,41.3,41.4,41.5,41.6,41.7,41.8,41.9,42,42.1,42.2,42.3,42.4,42.5,42.6,42.7,42.8,42.9,43,43.1,43.2,43.3,43.4,43.5,43.6,43.7,43.8,43.9,44,44.1,44.2,44.3,44.4,44.5,44.6,44.7,44.8,44.9,45,45.1,45.2,45.3,45.4,45.5,45.6,45.7,45.8,45.9,46,46.1,46.2,46.3,46.4,46.5,46.6,46.7,46.8,46.9,47,47.1,47.2,47.3,47.4,47.5,47.6,47.7,47.8,47.9,48,48.1,48.2,48.3,48.4,48.5,48.6,48.7,48.8,48.9,49,49.1,49.2,49.3,49.4,49.5,49.6,49.7,49.8,49.9,50],"y":[0.0056286560735,0.0058284272717,0.0060242889059,0.0062158628726,0.0064028227872,0.0065848954256,0.0067618620431,0.0069335597167,0.0070998828399,0.0072607848701,0.007416280394,0.0075664475324,0.0077114306596,0.0078514433642,0.0079867715298,0.008117776369,0.008244897208,0.0083686537884,0.0084896478345,0.0086085636289,0.0087261653194,0.0088433245275,0.0089610068924,0.0090802108664,0.0092019961513,0.0093274737962,0.0094577943909,0.0095941344838,0.0097376814201,0.0098896168679,0.010051099361,0.010223246239,0.010407115413,0.010603687412,0.010813848179,0.01103837311,0.011277912782,0.011532980836,0.011803944401,0.012091017428,0.012394257228,0.012713564433,0.013048686531,0.013399225035,0.013764646271,0.014144295655,0.01453741527,0.014943164436,0.015360642922,0.015788916315,0.016227043055,0.016674102537,0.017129223656,0.017591696458,0.018060853923,0.01853601113,0.019016784399,0.019502967424,0.019994547466,0.020491717327,0.020994882641,0.02150466412,0.02202189451,0.022547610109,0.02308303684,0.023629570979,0.024188754793,0.024762247451,0.025351791687,0.025959176829,0.026586198889,0.027234618492,0.027906117502,0.028602255241,0.029324425226,0.030073813348,0.030851358415,0.031657715922,0.032493225881,0.033357885429,0.03425132688,0.03517280176,0.036121171251,0.037094903337,0.038092076852,0.039110392445,0.040147507605,0.041200106953,0.042264644655,0.043337529567,0.044414950871,0.045492925341,0.04656734834,0.04763404773,0.048688839814,0.049727586374,0.050746251849,0.051740959661,0.0527080467,0.05364411498,0.054546079505,0.055411211415,0.056237175539,0.05702206157,0.057764408139,0.058463219192,0.059117972208,0.059728617905,0.060295571275,0.060819693935,0.061302267963,0.06174496158,0.062149787219,0.062519052702,0.062855306445,0.06316127774,0.06343981334,0.063693811691,0.063926156237,0.064139188293,0.064336119093,0.06451944368,0.064691318775,0.064853586527,0.065007735478,0.065154870679,0.065295693838,0.065430494129,0.065559150042,0.065681142383,0.065795578228,0.065901225386,0.06599655658,0.066079802342,0.06614901131,0.066202116419,0.066237005267,0.066251592786,0.066243894242,0.066212096527,0.06615462572,0.066070208927,0.065957928546,0.06581726727,0.065648142345,0.06545092792,0.065226464577,0.064976055543,0.064701449418,0.064404809651,0.064088671394,0.063755829864,0.063409191392,0.063052520303,0.062689196428,0.062322600337,0.061956026646,0.061592598162,0.061235183295,0.060886319048,0.060548141764,0.060222327589,0.059910044312,0.05961191594,0.059328000994,0.059057785089,0.058800188008,0.058553585024,0.058315841857,0.058084362275,0.057856147002,0.05762786234,0.057395916625,0.057156542512,0.056905882923,0.056640078479,0.056355354213,0.056048103453,0.055714966896,0.055352905041,0.054959262412,0.05453182221,0.05406885035,0.053569128106,0.053031512888,0.052455586923,0.051842568223,0.051193440003,0.050509682217,0.049793234876,0.049046452912,0.048272053882,0.04747305992,0.046652735416,0.045814521954,0.044961972016,0.044098682958,0.043228232669,0.042354118256,0.04147969895,0.040608144329,0.039742388747,0.038885092717,0.038038611812,0.037204973451,0.03638586175,0.035582610447,0.034796203705,0.034027284468,0.033276169847,0.032542872906,0.031827130091,0.031128433433,0.030446066601,0.029779143816,0.029126650602,0.028487485362,0.027860723021,0.027245062145,0.026639240779,0.026042218497,0.025453058423,0.024870953885,0.024295250302,0.023725461987,0.023161283675,0.022602596722,0.022049470042,0.021502155986,0.020961081476,0.020426834807,0.019900148617,0.019381879606,0.018872985642,0.018374500912,0.017887509817,0.017413120297,0.016952437272,0.016506536826,0.016076441733,0.015663098867,0.01526735894,0.014889958957,0.014531507675,0.014192474266,0.013873180286,0.013573794975,0.013294333815,0.013034660192,0.012794489949,0.012573921155,0.012371910978,0.012187692596,0.012020475298,0.011869377819,0.011733443097,0.011611653285,0.011502944657,0.011406222098,0.011320372902,0.011244279633,0.011176831874,0.011116936719,0.011063527934,0.011015573721,0.010972083107,0.010932110972,0.010894761793,0.010859192186,0.010824612352,0.010790286556,0.010755532744,0.01071972144,0.010682274036,0.010642660596,0.010600397269,0.01055504343,0.010506198608,0.010453499303,0.01039661575,0.01033524869,0.01026912621,0.010197980936,0.010121448255,0.010039466431,0.0099518461029,0.0098584121648,0.0097590022343,0.0096534655787,0.009541662543,0.0094234645197,0.0092987544912,0.0091674281623,0.0090293956827,0.0088845839434,0.0087329394092,0.0085744314289,0.0084090559415,0.0082368394785,0.0080578433397,0.0078721678053,0.0076799562354,0.0074813988958,0.0072767363506,0.0070662622621,0.0068503254476,0.0066293310582,0.0064037407643,0.0061740718577,0.0059408952108,0.0057048320647,0.0054665496549,0.0052267557176,0.0049861919547,0.0047456265719,0.0045058650953,0.0042677542399,0.0040320726031,0.0037996044671,0.0035711138461,0.0033473352562,0.0031289649415,0.0029166527514,0.0027109948387,0.0025125273281,0.0023217210732,0.0021389775922,0.0019646262363,0.0017989226152,0.0016420482673,0.0014941115355,0.0013551495777,0.0012251314193,0.0011039619303,0.00099148659771,0.00088749694899,0.00079173647712,0.00070390691532,0.00062367471199,0.00055067756288,0.00048453086709,0.00042483398661,0.00037117620402,0.00032314228938,0.00028031760526,0.00024229269597,0.00020866732523,0.00017905394252,0.00015314529045,0.0001305461474,0.0001108781186,9.3830056336e-05,7.9112591625e-05,6.6458434172e-05,5.5622305432e-05,4.6380556016e-05,3.8530518606e-05,3.1889646188e-05,2.6294482984e-05,2.1599512112e-05,1.7675920052e-05,1.4410313606e-05,1.1703420426e-05,9.4687994925e-06,7.6315833584e-06,6.1272695938e-06,4.9005747893e-06,3.9043607703e-06,3.0986393836e-06,2.4496593534e-06,1.9290762789e-06,1.5132048488e-06,1.182350752e-06,9.2021853964e-07,7.1339080655e-07,5.5087346265e-07,4.2370152362e-07,3.2459971457e-07,2.4769221812e-07,1.8825606762e-07,1.4251295601e-07,1.0768227923e-07,8.107601652e-08,6.0805485319e-08,4.5424624343e-08,3.3801364301e-08,2.5053449262e-08,1.8496407585e-08,1.3601600331e-08,9.9625757825e-09,7.2682284147e-09,5.2814982813e-09,3.8225551981e-09,