{"n":227,"kde":{"x":[10,10.1,10.2,10.3,10.4,10.5,10.6,10.7,10.8,10.9,11,11.1,11.2,11.3,11.4,11.5,11.6,11.7,11.8,11.9,12,12.1,12.2,12.3,12.4,12.5,12.6,12.7,12.8,12.9,13,13.1,13.2,13.3,13.4,13.5,13.6,13.7,13.8,13.9,14,14.1,14.2,14.3,14.4,14.5,14.6,14.7,14.8,14.9,15,15.1,15.2,15.3,15.4,15.5,15.6,15.7,15.8,15.9,16,16.1,16.2,16.3,16.4,16.5,16.6,16.7,16.8,16.9,17,17.1,17.2,17.3,17.4,17.5,17.6,17.7,17.8,17.9,18,18.1,18.2,18.3,18.4,18.5,18.6,18.7,18.8,18.9,19,19.1,19.2,19.3,19.4,19.5,19.6,19.7,19.8,19.9,20,20.1,20.2,20.3,20.4,20.5,20.6,20.7,20.8,20.9,21,21.1,21.2,21.3,21.4,21.5,21.6,21.7,21.8,21.9,22,22.1,22.2,22.3,22.4,22.5,22.6,22.7,22.8,22.9,23,23.1,23.2,23.3,23.4,23.5,23.6,23.7,23.8,23.9,24,24.1,24.2,24.3,24.4,24.5,24.6,24.7,24.8,24.9,25,25.1,25.2,25.3,25.4,25.5,25.6,25.7,25.8,25.9,26,26.1,26.2,26.3,26.4,26.5,26.6,26.7,26.8,26.9,27,27.1,27.2,27.3,27.4,27.5,27.6,27.7,27.8,27.9,28,28.1,28.2,28.3,28.4,28.5,28.6,28.7,28.8,28.9,29,29.1,29.2,29.3,29.4,29.5,29.6,29.7,29.8,29.9,30,30.1,30.2,30.3,30.4,30.5,30.6,30.7,30.8,30.9,31,31.1,31.2,31.3,31.4,31.5,31.6,31.7,31.8,31.9,32,32.1,32.2,32.3,32.4,32.5,32.6,32.7,32.8,32.9,33,33.1,33.2,33.3,33.4,33.5,33.6,33.7,33.8,33.9,34,34.1,34.2,34.3,34.4,34.5,34.6,34.7,34.8,34.9,35,35.1,35.2,35.3,35.4,35.5,35.6,35.7,35.8,35.9,36,36.1,36.2,36.3,36.4,36.5,36.6,36.7,36.8,36.9,37,37.1,37.2,37.3,37.4,37.5,37.6,37.7,37.8,37.9,38,38.1,38.2,38.3,38.4,38.5,38.6,38.7,38.8,38.9,39,39.1,39.2,39.3,39.4,39.5,39.6,39.7,39.8,39.9,40,40.1,40.2,40.3,40.4,40.5,40.6,40.7,40.8,40.9,41,41.1,41.2,41.3,41.4,41.5,41.6,41.7,41.8,41.9,42,42.1,42.2,42.3,42.4,42.5,42.6,42.7,42.8,42.9,43,43.1,43.2,43.3,43.4,43.5,43.6,43.7,43.8,43.9,44,44.1,44.2,44.3,44.4,44.5,44.6,44.7,44.8,44.9,45,45.1,45.2,45.3,45.4,45.5,45.6,45.7,45.8,45.9,46,46.1,46.2,46.3,46.4,46.5,46.6,46.7,46.8,46.9,47,47.1,47.2,47.3,47.4,47.5,47.6,47.7,47.8,47.9,48,48.1,48.2,48.3,48.4,48.5,48.6,48.7,48.8,48.9,49,49.1,49.2,49.3,49.4,49.5,49.6,49.7,49.8,49.9,50],"y":[0.0049090376581,0.0050721609423,0.0052333708116,0.0053925135838,0.0055494381238,0.0057040306663,0.0058562151919,0.006005953319,0.0061532437375,0.0062981212121,0.0064406551975,0.0065809481102,0.0067191333097,0.0068553728468,0.0069898550384,0.0071226868712,0.0072542512899,0.007384807536,0.0075146270508,0.0076439940729,0.0077732035861,0.0079025594946,0.0080323730461,0.0081629615135,0.0082946471381,0.0084277563247,0.0085626190748,0.0086995686305,0.0088389893033,0.0089814005229,0.0091269810397,0.0092760775108,0.0094290399064,0.0095862214945,0.0097479786969,0.0099146707819,0.010086659362,0.010264307677,0.010447979641,0.010638038665,0.010834846238,0.011038760296,0.011250417112,0.011470304942,0.011698391416,0.011934995972,0.012180423266,0.012434961103,0.012698878495,0.012972423911,0.013255823754,0.013549281115,0.013852974823,0.014167058826,0.014491661905,0.014826887721,0.015173408715,0.015531010396,0.015899399289,0.016278579126,0.016668533634,0.017069227937,0.017480609924,0.017902611524,0.018335149811,0.018778127882,0.019231435447,0.019694949097,0.020168532199,0.020652034403,0.021145998151,0.021649602247,0.022162537419,0.022684578608,0.023215477975,0.023754962514,0.024302731649,0.024858454923,0.02542176989,0.025992280309,0.026569554763,0.027153125777,0.027742489568,0.028337144585,0.028936769776,0.02954034671,0.030147231143,0.030756754911,0.031368230899,0.031980958728,0.032594231088,0.033207340586,0.03381958701,0.034430284864,0.035038771019,0.035644412328,0.036246613049,0.036844697968,0.037437976167,0.038026254166,0.038609171017,0.039186432635,0.039757814013,0.040323160253,0.040882386344,0.041435475696,0.041982477417,0.042523502381,0.043058718132,0.043588342704,0.044112637457,0.044631683338,0.045145887997,0.045655787059,0.046161724987,0.046664038792,0.047163047894,0.047659044145,0.048152282154,0.04864297005,0.049131260831,0.049617244393,0.050100940373,0.05058229188,0.051061160216,0.051537118754,0.052009924081,0.052479196837,0.052944412736,0.053404957481,0.0538601293,0.05430914274,0.054751133684,0.055185165599,0.055610236962,0.05602528984,0.056429219562,0.05682088543,0.057199122379,0.057561405333,0.057907684623,0.05823682056,0.058547700836,0.05883926446,0.059110516524,0.059360542754,0.059588523638,0.059793747907,0.05997562514,0.060133697261,0.060267648701,0.060377315006,0.060462246679,0.060521480587,0.060557005259,0.060569358161,0.060559238158,0.06052749958,0.060475143868,0.060403308836,0.060313255679,0.060206353865,0.06008406412,0.05994791974,0.059799506516,0.059640441565,0.059472082081,0.059296177594,0.059114713757,0.058929183969,0.05874099483,0.058551447231,0.058361719174,0.058172850603,0.057985730485,0.057801086348,0.057619476416,0.057441284453,0.057266717341,0.057095805415,0.056928581558,0.056764568702,0.056603151488,0.056443670261,0.056285334686,0.056127238369,0.055968374621,0.055807653064,0.055643916773,0.055475959651,0.055302543741,0.05512241622,0.054934325821,0.054737038459,0.054528466166,0.054308037289,0.054074774384,0.053827672793,0.053565809043,0.053288348118,0.052994549409,0.052683771381,0.052355475045,0.052009226313,0.051644697352,0.051261667029,0.050860020545,0.050439572462,0.049999219315,0.049540591428,0.049064012006,0.04856989847,0.048058758955,0.047531188531,0.04698786515,0.046429545326,0.045857059532,0.045271307313,0.044673252072,0.044063915542,0.043444371888,0.042815519663,0.042178450258,0.041534873887,0.040886011782,0.040233098694,0.039577374612,0.038920076226,0.038262428206,0.037605634351,0.036950868717,0.036299266786,0.035651916788,0.03500985127,0.034374039022,0.033745761071,0.033125857389,0.032514765107,0.031913097856,0.031321372617,0.030740006517,0.030169314648,0.029609508955,0.029060698225,0.028522889186,0.027995988719,0.027479807165,0.026974062701,0.026478386745,0.025992928963,0.025516634443,0.025048723735,0.024588541751,0.024135391324,0.023688543341,0.023247247151,0.022810741144,0.02237826335,0.021949061951,0.021522405556,0.021097593136,0.020673963473,0.020250904007,0.019827811953,0.01940416926,0.018979578925,0.018553721739,0.018126359985,0.017697340004,0.017266593602,0.016834138296,0.016400076402,0.015964592982,0.015527952702,0.015090495635,0.01465263209,0.014214849643,0.013777777967,0.013342005871,0.012908164988,0.012476915819,0.01204893875,0.011624925007,0.011205567667,0.010791552859,0.010383551289,0.0099822102032,0.0095881458903,0.0092019368452,0.0088241176593,0.0084555352315,0.0080967413063,0.0077476806441,0.0074086492725,0.0070798819185,0.0067615519006,0.006453771902,0.0061565955727,0.0058700198976,0.0055939882576,0.0053283940995,0.0050730851256,0.0048278679069,0.0045925128215,0.0043672934416,0.004151593462,0.0039448405252,0.0037467106458,0.0035568718045,0.0033749885619,0.0032007263195,0.0030337551776,0.0028737533523,0.00272041012,0.0025734282749,0.002432526089,0.0022974387798,0.002167919496,0.0020441305621,0.0019254805736,0.0018117392329,0.0017027372836,0.0015983214437,0.001498353077,0.001402706694,0.0013112683349,0.0012239338792,0.0011406073275,0.0010611990976,0.00098562437107,0.00091380152475,0.0008456892062,0.00078142681565,0.00072066135883,0.00066331002907,0.00060928723406,0.00055850407287,0.00051086798678,0.0004662825758,0.00042464757004,0.00038585894272,0.0003498091497,0.00031638747928,0.00028548049483,0.00025697255266,0.00023081031885,0.0002069152177,0.00018504304317,0.00016507579055,0.00014689663496,0.00013039052758,0.00011544475446,0.00010194945046,8.9798062162e-05,7.8887755606e-05,6.9119765677e-05,6.0399685891e-05,5.2637698302e-05,4.5748744511e-05,3.9687144075e-05,3.4358633583e-05,2.9665884189e-05,2.5544948471e-05,2.1936643125e-05,1.8786416353e-05,1.6044187524e-05,1.36641639e-05,1.1604639062e-05,9.8277774115e-06,8.2993888686e-06,6.9886975441e-06,5.8681078165e-06,4.9129708792e-06,4.1095765176e-06,3.4295715705e-06,2.8539670904e-06,2.3681883e-06,1.9594479176e-06,1.61656677e-06,1.3298062766e-06,1.0907129651e-06,8.9197499738e-07,7.2729052084e-07,5.912475316e-07,4.7921482468e-07,3.8724352257e-07,3.1200411083e-07,2.5154406468e-07,2.0219906612e-07,1.6204952304e-07,1.2948288935e-07,1.0314917062e-07,