{"n":237,"kde":{"x":[10,10.1,10.2,10.3,10.4,10.5,10.6,10.7,10.8,10.9,11,11.1,11.2,11.3,11.4,11.5,11.6,11.7,11.8,11.9,12,12.1,12.2,12.3,12.4,12.5,12.6,12.7,12.8,12.9,13,13.1,13.2,13.3,13.4,13.5,13.6,13.7,13.8,13.9,14,14.1,14.2,14.3,14.4,14.5,14.6,14.7,14.8,14.9,15,15.1,15.2,15.3,15.4,15.5,15.6,15.7,15.8,15.9,16,16.1,16.2,16.3,16.4,16.5,16.6,16.7,16.8,16.9,17,17.1,17.2,17.3,17.4,17.5,17.6,17.7,17.8,17.9,18,18.1,18.2,18.3,18.4,18.5,18.6,18.7,18.8,18.9,19,19.1,19.2,19.3,19.4,19.5,19.6,19.7,19.8,19.9,20,20.1,20.2,20.3,20.4,20.5,20.6,20.7,20.8,20.9,21,21.1,21.2,21.3,21.4,21.5,21.6,21.7,21.8,21.9,22,22.1,22.2,22.3,22.4,22.5,22.6,22.7,22.8,22.9,23,23.1,23.2,23.3,23.4,23.5,23.6,23.7,23.8,23.9,24,24.1,24.2,24.3,24.4,24.5,24.6,24.7,24.8,24.9,25,25.1,25.2,25.3,25.4,25.5,25.6,25.7,25.8,25.9,26,26.1,26.2,26.3,26.4,26.5,26.6,26.7,26.8,26.9,27,27.1,27.2,27.3,27.4,27.5,27.6,27.7,27.8,27.9,28,28.1,28.2,28.3,28.4,28.5,28.6,28.7,28.8,28.9,29,29.1,29.2,29.3,29.4,29.5,29.6,29.7,29.8,29.9,30,30.1,30.2,30.3,30.4,30.5,30.6,30.7,30.8,30.9,31,31.1,31.2,31.3,31.4,31.5,31.6,31.7,31.8,31.9,32,32.1,32.2,32.3,32.4,32.5,32.6,32.7,32.8,32.9,33,33.1,33.2,33.3,33.4,33.5,33.6,33.7,33.8,33.9,34,34.1,34.2,34.3,34.4,34.5,34.6,34.7,34.8,34.9,35,35.1,35.2,35.3,35.4,35.5,35.6,35.7,35.8,35.9,36,36.1,36.2,36.3,36.4,36.5,36.6,36.7,36.8,36.9,37,37.1,37.2,37.3,37.4,37.5,37.6,37.7,37.8,37.9,38,38.1,38.2,38.3,38.4,38.5,38.6,38.7,38.8,38.9,39,39.1,39.2,39.3,39.4,39.5,39.6,39.7,39.8,39.9,40,40.1,40.2,40.3,40.4,40.5,40.6,40.7,40.8,40.9,41,41.1,41.2,41.3,41.4,41.5,41.6,41.7,41.8,41.9,42,42.1,42.2,42.3,42.4,42.5,42.6,42.7,42.8,42.9,43,43.1,43.2,43.3,43.4,43.5,43.6,43.7,43.8,43.9,44,44.1,44.2,44.3,44.4,44.5,44.6,44.7,44.8,44.9,45,45.1,45.2,45.3,45.4,45.5,45.6,45.7,45.8,45.9,46,46.1,46.2,46.3,46.4,46.5,46.6,46.7,46.8,46.9,47,47.1,47.2,47.3,47.4,47.5,47.6,47.7,47.8,47.9,48,48.1,48.2,48.3,48.4,48.5,48.6,48.7,48.8,48.9,49,49.1,49.2,49.3,49.4,49.5,49.6,49.7,49.8,49.9,50],"y":[0.0012281028066,0.001299633232,0.0013738831519,0.0014509692253,0.0015310247562,0.0016142005143,0.0017006653309,0.0017906064473,0.0018842295899,0.001981758755,0.0020836530175,0.0021901430784,0.0023013674022,0.0024176178747,0.0025391978069,0.0026664196554,0.0027996024713,0.0029390691045,0.0030851431958,0.0032381459898,0.0033983930127,0.0035661906541,0.0037418327026,0.0039255968817,0.0041180797647,0.0043195801787,0.0045299350073,0.0047493150406,0.0049778585319,0.0052156690161,0.0054628134909,0.0057193209909,0.0059851815785,0.0062603457693,0.0065447244018,0.0068381889545,0.0071405723044,0.0074516699151,0.0077714814882,0.0080998881409,0.0084361261453,0.0087798537231,0.0091307044511,0.0094882903903,0.0098522053076,0.010222027934,0.010597325199,0.010977655393,0.01136257119,0.011751622514,0.012144359177,0.012540333281,0.012939146802,0.013340414643,0.013743535227,0.01414809161,0.014553677452,0.014959897814,0.015366369833,0.015772723353,0.01617860156,0.016583661705,0.016987575974,0.017390032587,0.01779073718,0.018189414546,0.018585785595,0.018979441969,0.01937035538,0.019758364048,0.020143342695,0.020525207181,0.020903919481,0.021279492877,0.021651997284,0.022021564569,0.022388393724,0.022752755736,0.023114997991,0.023475548047,0.023834916474,0.024193719119,0.024552760116,0.024912830809,0.025274804103,0.025639629953,0.02600832919,0.026381985633,0.026761736518,0.027148761279,0.027544268771,0.02794948305,0.028365627872,0.028793910107,0.029235502291,0.029692666076,0.030165615492,0.030655138955,0.03116204851,0.031687024973,0.032230602499,0.032793154693,0.033374882572,0.033975804645,0.034595749336,0.035234349974,0.035891042481,0.036565065896,0.037255465785,0.037961965617,0.038682401737,0.039414953974,0.040157950225,0.040909593154,0.041667980383,0.042431126291,0.043196985082,0.043963474746,0.044728501513,0.045489984409,0.046245879512,0.046994203494,0.047733056076,0.048459936413,0.049173273443,0.049871910508,0.050554521147,0.05121994877,0.051867213997,0.052495519026,0.053104248967,0.053692970174,0.054261425641,0.054809527564,0.055337347236,0.055845102468,0.056333142773,0.05680111789,0.057249772619,0.057680504069,0.058094011461,0.058491018975,0.058872254249,0.059238427219,0.059590209657,0.059928215722,0.060252983835,0.060564960168,0.060864483996,0.06115177516,0.061426923827,0.061689459388,0.061938966286,0.062175658128,0.06239901455,0.062608377021,0.062802956321,0.062981842622,0.063144018056,0.063288371604,0.063413716098,0.063518807127,0.063602363577,0.063663089524,0.063699697182,0.0637102808,0.063692608701,0.063647070224,0.063572689795,0.063468627413,0.063334199403,0.063168897409,0.0629724053,0.062744613671,0.062485631655,0.062195795798,0.061875675792,0.061526076883,0.061148038842,0.060742459215,0.060309654788,0.059853228691,0.059375127354,0.058877464283,0.058362497291,0.057832603246,0.057290250718,0.056737970912,0.056178327335,0.055613884647,0.055047177197,0.05448067772,0.053916766712,0.053357737696,0.05280639965,0.052264250879,0.051732959994,0.051213970397,0.050708485492,0.050217457547,0.049741580362,0.049281285825,0.048836744367,0.048407869266,0.047994324674,0.047595537198,0.047210710783,0.046838844601,0.046479542967,0.046130455647,0.045790013354,0.045456604916,0.045128547702,0.044804114925,0.044481562624,0.04415915593,0.04383519421,0.043508034755,0.043176114686,0.042837970837,0.042492257375,0.042137761004,0.041772674721,0.041396550546,0.041008833041,0.040608990201,0.040196659284,0.039771645629,0.039333919438,0.038883610703,0.038421002511,0.037946522929,0.037460735699,0.036964329964,0.036458109242,0.035942979829,0.035419551393,0.03488930233,0.034353580723,0.033813592854,0.033270582203,0.032725817869,0.032180583303,0.031636165373,0.031093843767,0.030554880738,0.030020511188,0.029491933076,0.028970298152,0.028456703001,0.027952672512,0.027459143696,0.026976660006,0.026505985084,0.026047785201,0.025602623054,0.025170952211,0.0247531123,0.024349325028,0.023959691151,0.023584188464,0.023222670933,0.022874869026,0.022540391348,0.022219195721,0.021910618643,0.021613336982,0.021326490121,0.021049129237,0.020780227913,0.020518693881,0.020263381776,0.020013106733,0.019766658665,0.019522817013,0.019280365766,0.019038108532,0.018794883436,0.018549483489,0.018300663175,0.018047587809,0.01778940183,0.017525351735,0.017254794342,0.016977203412,0.016692174539,0.016399428259,0.016098811342,0.015790296288,0.015473979042,0.015150075015,0.014818913495,0.014480810879,0.014136098997,0.013785854811,0.013430797579,0.013071708007,0.012709416132,0.012344788981,0.011978718226,0.011612108008,0.011245863127,0.010880877773,0.010518024933,0.010158146638,0.0098020451385,0.0094505255377,0.0091046873286,0.0087648210247,0.0084314831678,0.0081051625901,0.0077862791512,0.0074751835669,0.0071721582658,0.0068774191897,0.0065911184487,0.0063133477298,0.0060441423501,0.0057834858464,0.0055313149834,0.0052875250697,0.0050526366815,0.0048257832397,0.0046067621643,0.0043953555315,0.0041913333882,0.0039944584845,0.0038044906233,0.0036211905817,0.0034443235698,0.0032736622045,0.0031089889849,0.0029500982674,0.0027967977472,0.002648909461,0.0025066389673,0.002369498215,0.0022373058698,0.0021099463726,0.0019873167975,0.0018693255882,0.0017558911268,0.0016469401851,0.0015424062998,0.00144222812,0.0013463477633,0.0012547092203,0.0011672568394,0.0010839339201,0.0010049326331,0.00093000715816,0.00085900904491,0.00079186447251,0.00072849374977,0.00066881101224,0.00061272409188,0.00056013454994,0.00051093786092,0.00046502373372,0.00042227655405,0.00038257593123,0.00034579733166,0.00031181278085,0.00028062497687,0.00025202209058,0.0002257923142,0.00020180198925,0.00017991826071,0.00016000980689,0.00014194752363,0.00012560515497,0.00011085986386,9.7592738408e-05,8.5689230607e-05,7.5039525827e-05,6.5538843009e-05,5.7087666484e-05,4.9629027209e-05,4.3059558251e-05,3.726068797e-05,3.2156614276e-05,2.7676979066e-05,2.3756741661e-05,2.0336017854e-05,1.7359889991e-05,1.4778193379e-05,1.2545284056e-05,1.0619792722e-05,8.9643692305e-06,7.5454217497e-06,6.3328542223e-06,5.3049537009e-06,4.4375629798e-06,